soc,occ_title,a_pct25_2021,a_pct25_2025,tot_emp_2025,nominal_chg,real_chg,arrow,note
11-1011,Chief Executives,111080,129540,204350,0.1662,-0.0234,flat,
11-1021,General and Operations Managers,60690,72320,3503020,0.1916,-0.0021,flat,
11-2011,Advertising and Promotions Managers,94020,91370,21470,-0.0282,-0.1862,down,
11-2021,Marketing Managers,100010,123020,395240,0.2301,0.0301,up,
11-2022,Sales Managers,84450,100360,637080,0.1884,-0.0048,flat,
11-2032,Public Relations Managers,94660,106580,74850,0.1259,-0.0572,down,
11-2033,Fundraising Managers,77170,95970,38810,0.2436,0.0414,up,
11-3012,Administrative Services Managers,77070,86460,263960,0.1218,-0.0606,down,
11-3013,Facilities Managers,74700,82020,156180,0.0980,-0.0805,down,
11-3021,Computer and Information Systems Managers,122820,138060,670570,0.1241,-0.0587,down,
11-3031,Financial Managers,99620,125490,841710,0.2597,0.0549,up,
11-3051,Industrial Production Managers,80190,98160,246250,0.2241,0.0251,flat,
11-3061,Purchasing Managers,98720,115550,84320,0.1705,-0.0198,flat,
11-3071,"Transportation, Storage, and Distribution Managers",75290,82440,221180,0.0950,-0.0831,down,
11-3111,Compensation and Benefits Managers,98720,113170,22940,0.1464,-0.0400,down,
11-3121,Human Resources Managers,95310,111110,220660,0.1658,-0.0238,flat,
11-3131,Training and Development Managers,90980,101850,48050,0.1195,-0.0625,down,
11-9013,"Farmers, Ranchers, and Other Agricultural Managers",49940,66300,6500,0.3276,0.1117,up,
11-9021,Construction Managers,76960,88550,380360,0.1506,-0.0365,down,
11-9031,"Education and Childcare Administrators, Preschool and Daycare",37200,47040,73660,0.2645,0.0589,up,
11-9032,"Education Administrators, Kindergarten through Secondary",77450,86040,328330,0.1109,-0.0697,down,
11-9033,"Education Administrators, Postsecondary",74730,80870,180470,0.0822,-0.0938,down,
11-9039,"Education Administrators, All Other",62190,68980,55130,0.1092,-0.0712,down,
11-9041,Architectural and Engineering Managers,125470,139360,220260,0.1107,-0.0699,down,
11-9051,Food Service Managers,46590,56870,238430,0.2206,0.0222,flat,
11-9071,Gambling Managers,60150,72570,5030,0.2065,0.0103,flat,
11-9072,"Entertainment and Recreation Managers, Except Gambling",47850,61060,37980,0.2761,0.0686,up,
11-9081,Lodging Managers,46400,49530,42620,0.0675,-0.1061,down,
11-9111,Medical and Health Services Managers,77750,94700,597080,0.2180,0.0200,flat,
11-9121,Natural Sciences Managers,101400,119430,108690,0.1778,-0.0137,flat,
11-9131,Postmasters and Mail Superintendents,74030,90650,13810,0.2245,0.0254,flat,
11-9141,"Property, Real Estate, and Community Association Managers",42420,50720,311180,0.1957,0.0012,flat,
11-9151,Social and Community Service Managers,58490,64290,209330,0.0992,-0.0796,down,
11-9161,Emergency Management Directors,59350,67910,13500,0.1442,-0.0418,down,
11-9171,Funeral Home Managers,50200,61890,13910,0.2329,0.0324,up,
11-9179,"Personal Service Managers, All Other",46700,54130,10450,0.1591,-0.0294,flat,
11-9199,"Managers, All Other",80890,102880,622190,0.2719,0.0650,up,
13-1011,"Agents and Business Managers of Artists, Performers, and Athletes",61160,63670,12620,0.0410,-0.1282,down,
13-1020,Buyers and Purchasing Agents,49150,60800,491430,0.2370,0.0359,up,
13-1031,"Claims Adjusters, Examiners, and Investigators",49620,61160,324230,0.2326,0.0322,up,
13-1032,"Insurance Appraisers, Auto Damage",58850,65050,11560,0.1054,-0.0744,down,
13-1041,Compliance Officers,50020,61280,417070,0.2251,0.0259,flat,
13-1051,Cost Estimators,49600,61150,224220,0.2329,0.0324,up,
13-1071,Human Resources Specialists,48080,58610,912430,0.2190,0.0208,flat,
13-1074,Farm Labor Contractors,38140,35720,310,-0.0635,-0.2157,down,small occupation (<5k employed)
13-1075,Labor Relations Specialists,49310,71920,64810,0.4585,0.2214,up,
13-1081,Logisticians,59740,64440,251040,0.0787,-0.0967,down,
13-1082,Project Management Specialists,64250,78440,1066670,0.2209,0.0223,flat,
13-1111,Management Analysts,64150,77950,898280,0.2151,0.0175,flat,
13-1121,"Meeting, Convention, and Event Planners",38430,46970,142860,0.2222,0.0235,flat,
13-1131,Fundraisers,47250,57480,111040,0.2165,0.0187,flat,
13-1141,"Compensation, Benefits, and Job Analysis Specialists",49800,60890,112380,0.2227,0.0239,flat,
13-1151,Training and Development Specialists,47040,50110,458300,0.0653,-0.1079,down,
13-1161,Market Research Analysts and Marketing Specialists,48400,58350,899580,0.2056,0.0096,flat,
13-1199,"Business Operations Specialists, All Other",49630,62640,1087090,0.2621,0.0569,up,
13-2011,Accountants and Auditors,60760,67020,1449500,0.1030,-0.0763,down,
13-2020,Property Appraisers and Assessors,47040,50970,57070,0.0835,-0.0926,down,
13-2031,Budget Analysts,62750,75320,47160,0.2003,0.0051,flat,
13-2041,Credit Analysts,60490,65210,64390,0.0780,-0.0973,down,
13-2051,Financial and Investment Analysts,66030,79290,361980,0.2008,0.0056,flat,
13-2052,Personal Financial Advisors,61200,72440,266800,0.1837,-0.0088,flat,
13-2053,Insurance Underwriters,58840,64620,105420,0.0982,-0.0803,down,
13-2054,Financial Risk Specialists,77310,83980,63850,0.0863,-0.0904,down,
13-2061,Financial Examiners,62320,70660,67830,0.1338,-0.0505,down,
13-2071,Credit Counselors,37900,45720,27770,0.2063,0.0102,flat,
13-2072,Loan Officers,47490,52730,274330,0.1103,-0.0702,down,
13-2081,"Tax Examiners and Collectors, and Revenue Agents",43590,49450,56610,0.1344,-0.0500,down,
13-2082,Tax Preparers,30340,38910,76480,0.2825,0.0739,up,
13-2099,"Financial Specialists, All Other",50120,61290,132130,0.2229,0.0240,flat,
15-1211,Computer Systems Analysts,77620,82860,519530,0.0675,-0.1061,down,
15-1212,Information Security Analysts,79400,97810,190650,0.2319,0.0316,up,
15-1221,Computer and Information Research Scientists,99140,103570,37200,0.0447,-0.1252,down,
15-1231,Computer Network Support Specialists,48900,58240,146190,0.1910,-0.0027,flat,
15-1232,Computer User Support Specialists,39380,49000,717190,0.2443,0.0420,up,
15-1241,Computer Network Architects,83870,104620,179740,0.2474,0.0446,up,
15-1242,Database Administrators,63160,79610,69990,0.2604,0.0555,up,
15-1243,Database Architects,81110,109370,67140,0.3484,0.1292,up,
15-1244,Network and Computer Systems Administrators,62970,78010,314340,0.2388,0.0374,up,
15-1251,Computer Programmers,62840,75850,92230,0.2070,0.0108,flat,
15-1252,Software Developers,90870,105210,1687890,0.1578,-0.0305,down,
15-1253,Software Quality Assurance Analysts and Testers,71910,80310,186740,0.1168,-0.0648,down,
15-1254,Web Developers,51100,64230,70190,0.2569,0.0526,up,
15-1255,Web and Digital Interface Designers,57220,73290,113330,0.2808,0.0726,up,
15-1299,"Computer Occupations, All Other",61920,79370,435370,0.2818,0.0734,up,
15-2011,Actuaries,80320,97680,26670,0.2161,0.0184,flat,
15-2021,Mathematicians,78850,88570,2030,0.1233,-0.0594,down,small occupation (<5k employed)
15-2031,Operations Research Analysts,61940,68360,108510,0.1036,-0.0758,down,
15-2041,Statisticians,70120,82220,29030,0.1726,-0.0181,flat,
15-2051,Data Scientists,77620,85660,262440,0.1036,-0.0759,down,
15-2099,"Mathematical Science Occupations, All Other",47330,60750,3720,0.2835,0.0748,up,small occupation (<5k employed)
17-1011,"Architects, Except Landscape and Naval",62500,77960,106770,0.2474,0.0445,up,
17-1012,Landscape Architects,51420,64170,19600,0.2480,0.0450,up,
17-1021,Cartographers and Photogrammetrists,58000,65670,14260,0.1322,-0.0519,down,
17-1022,Surveyors,47690,58170,50830,0.2198,0.0214,flat,
17-2011,Aerospace Engineers,96130,106110,67710,0.1038,-0.0757,down,
17-2021,Agricultural Engineers,61740,82260,1480,0.3324,0.1157,up,small occupation (<5k employed)
17-2031,Bioengineers and Biomedical Engineers,75780,86980,23480,0.1478,-0.0388,down,
17-2041,Chemical Engineers,80140,97820,21070,0.2206,0.0221,flat,
17-2051,Civil Engineers,74250,79930,367840,0.0765,-0.0985,down,
17-2061,Computer Hardware Engineers,99880,126090,76660,0.2624,0.0571,up,
17-2071,Electrical Engineers,78500,92830,198750,0.1825,-0.0097,flat,
17-2072,"Electronics Engineers, Except Computer",81500,101680,96900,0.2476,0.0447,up,
17-2081,Environmental Engineers,74850,83570,38340,0.1165,-0.0650,down,
17-2111,"Health and Safety Engineers, Except Mining Safety Engineers and Inspectors",76650,90930,21450,0.1863,-0.0066,flat,
17-2112,Industrial Engineers,76650,83600,365740,0.0907,-0.0867,down,
17-2121,Marine Engineers and Naval Architects,76600,99250,8250,0.2957,0.0850,up,
17-2131,Materials Engineers,76650,88080,22770,0.1491,-0.0377,down,
17-2141,Mechanical Engineers,76050,84130,296810,0.1062,-0.0736,down,
17-2151,"Mining and Geological Engineers, Including Mining Safety Engineers",70110,85280,6080,0.2164,0.0186,flat,
17-2161,Nuclear Engineers,93840,108690,15280,0.1582,-0.0301,down,
17-2171,Petroleum Engineers,100880,106270,18060,0.0534,-0.1179,down,
17-2199,"Engineers, All Other",77560,90970,154070,0.1729,-0.0178,flat,
17-3011,Architectural and Civil Drafters,47450,55650,103700,0.1728,-0.0179,flat,
17-3012,Electrical and Electronics Drafters,48460,61430,17920,0.2676,0.0615,up,
17-3013,Mechanical Drafters,47230,58080,39960,0.2297,0.0298,flat,
17-3019,"Drafters, All Other",46150,51650,14470,0.1192,-0.0628,down,
17-3021,Aerospace Engineering and Operations Technologists and Technicians,57780,67680,11280,0.1713,-0.0191,flat,
17-3022,Civil Engineering Technologists and Technicians,42110,51490,68520,0.2227,0.0239,flat,
17-3023,Electrical and Electronic Engineering Technologists and Technicians,49330,61610,95130,0.2489,0.0459,up,
17-3024,Electro-Mechanical and Mechatronics Technologists and Technicians,47680,59780,15520,0.2538,0.0499,up,
17-3025,Environmental Engineering Technologists and Technicians,37850,48200,12190,0.2734,0.0664,up,
17-3026,Industrial Engineering Technologists and Technicians,47410,55760,75570,0.1761,-0.0151,flat,
17-3027,Mechanical Engineering Technologists and Technicians,47700,59510,36190,0.2476,0.0447,up,
17-3028,Calibration Technologists and Technicians,47110,56380,16540,0.1968,0.0022,flat,
17-3029,"Engineering Technologists and Technicians, Except Drafters, All Other",47690,60390,59930,0.2663,0.0604,up,
17-3031,Surveying and Mapping Technicians,36960,45430,58010,0.2292,0.0293,flat,
19-1011,Animal Scientists,52430,49770,3100,-0.0507,-0.2051,down,small occupation (<5k employed)
19-1012,Food Scientists and Technologists,60130,68810,13060,0.1444,-0.0417,down,
19-1013,Soil and Plant Scientists,50230,61660,15730,0.2276,0.0280,flat,
19-1021,Biochemists and Biophysicists,79000,95000,33830,0.2025,0.0070,flat,
19-1022,Microbiologists,59860,67100,18940,0.1209,-0.0613,down,
19-1023,Zoologists and Wildlife Biologists,50520,61180,18120,0.2110,0.0141,flat,
19-1029,"Biological Scientists, All Other",62490,76800,55850,0.2290,0.0292,flat,
19-1031,Conservation Scientists,49340,57700,25950,0.1694,-0.0207,flat,
19-1032,Foresters,50510,62710,10430,0.2415,0.0397,up,
19-1041,Epidemiologists,62350,71090,12090,0.1402,-0.0452,down,
19-1042,"Medical Scientists, Except Epidemiologists",62800,79840,172340,0.2713,0.0646,up,
19-1099,"Life Scientists, All Other",61830,68990,7460,0.1158,-0.0656,down,
19-2011,Astronomers,80110,99920,2120,0.2473,0.0445,up,small occupation (<5k employed)
19-2012,Physicists,107030,111720,20430,0.0438,-0.1259,down,
19-2021,Atmospheric and Space Scientists,65110,73350,10000,0.1266,-0.0566,down,
19-2031,Chemists,61540,69460,82770,0.1287,-0.0548,down,
19-2032,Materials Scientists,77500,89990,8470,0.1612,-0.0276,flat,
19-2041,"Environmental Scientists and Specialists, Including Health",58200,64490,89250,0.1081,-0.0721,down,
19-2042,"Geoscientists, Except Hydrologists and Geographers",62540,75110,23470,0.2010,0.0057,flat,
19-2043,Hydrologists,64670,77210,5850,0.1939,-0.0002,flat,
19-2099,"Physical Scientists, All Other",78320,86620,22300,0.1060,-0.0739,down,
19-3011,Economists,79760,89330,17790,0.1200,-0.0621,down,
19-3022,Survey Researchers,38840,51270,8290,0.3200,0.1054,up,
19-3032,Industrial-Organizational Psychologists,79590,107310,790,0.3483,0.1291,up,small occupation (<5k employed)
19-3033,Clinical and Counseling Psychologists,62040,73210,75990,0.1800,-0.0118,flat,
19-3034,School Psychologists,62070,77470,63940,0.2481,0.0452,up,
19-3039,"Psychologists, All Other",73910,68850,18820,-0.0685,-0.2199,down,
19-3041,Sociologists,65530,82300,2260,0.2559,0.0517,up,small occupation (<5k employed)
19-3051,Urban and Regional Planners,61880,72020,44230,0.1639,-0.0254,flat,
19-3091,Anthropologists and Archeologists,48420,59400,8990,0.2268,0.0273,flat,
19-3092,Geographers,64740,80290,1400,0.2402,0.0385,up,small occupation (<5k employed)
19-3093,Historians,48440,57290,3450,0.1827,-0.0096,flat,small occupation (<5k employed)
19-3094,Political Scientists,82450,114030,5540,0.3830,0.1581,up,
19-3099,"Social Scientists and Related Workers, All Other",66210,80860,37100,0.2213,0.0227,flat,
19-4012,Agricultural Technicians,32160,40950,15130,0.2733,0.0663,up,
19-4013,Food Science Technicians,37650,46020,14600,0.2223,0.0236,flat,
19-4021,Biological Technicians,37820,48130,69620,0.2726,0.0657,up,
19-4031,Chemical Technicians,38740,48530,57540,0.2527,0.0490,up,
19-4042,"Environmental Science and Protection Technicians, Including Health",37210,45820,34670,0.2314,0.0312,up,
19-4043,"Geological Technicians, Except Hydrologic Technicians",38620,44850,6980,0.1613,-0.0275,flat,
19-4044,Hydrologic Technicians,46410,52040,2840,0.1213,-0.0610,down,small occupation (<5k employed)
19-4051,Nuclear Technicians,78810,99110,6470,0.2576,0.0531,up,
19-4061,Social Science Research Assistants,44800,48620,30640,0.0853,-0.0912,down,
19-4071,Forest and Conservation Technicians,32260,47360,30410,0.4681,0.2294,up,
19-4092,Forensic Science Technicians,47750,57830,19120,0.2111,0.0142,flat,
19-4099,"Life, Physical, and Social Science Technicians, All Other",37830,48030,73910,0.2696,0.0632,up,
19-5011,Occupational Health and Safety Specialists,59490,69560,140610,0.1693,-0.0209,flat,
19-5012,Occupational Health and Safety Technicians,38840,52470,30590,0.3509,0.1313,up,
21-1012,"Educational, Guidance, and Career Counselors and Advisors",47390,51270,353310,0.0819,-0.0940,down,
21-1013,Marriage and Family Therapists,42910,50070,66740,0.1669,-0.0229,flat,
21-1015,Rehabilitation Counselors,30610,38770,94740,0.2666,0.0606,up,
21-1018,"Substance Abuse, Behavioral Disorder, and Mental Health Counselors",38520,47100,491930,0.2227,0.0239,flat,
21-1019,"Counselors, All Other",37060,43680,28580,0.1786,-0.0130,flat,
21-1021,"Child, Family, and School Social Workers",38900,48270,392550,0.2409,0.0391,up,
21-1022,Healthcare Social Workers,47630,56710,187630,0.1906,-0.0030,flat,
21-1023,Mental Health and Substance Abuse Social Workers,38630,47070,132810,0.2185,0.0204,flat,
21-1029,"Social Workers, All Other",46340,51900,62930,0.1200,-0.0621,down,
21-1091,Health Education Specialists,46770,50620,65690,0.0823,-0.0937,down,
21-1092,Probation Officers and Correctional Treatment Specialists,46920,54250,89390,0.1562,-0.0318,down,
21-1093,Social and Human Service Assistants,30440,38150,437860,0.2533,0.0495,up,
21-1094,Community Health Workers,36940,45640,61660,0.2355,0.0346,up,
21-1099,"Community and Social Service Specialists, All Other",37170,45920,107730,0.2354,0.0345,up,
21-2011,Clergy,38800,48260,57200,0.2438,0.0416,up,
21-2021,"Directors, Religious Activities and Education",36440,44010,22160,0.2077,0.0114,flat,
21-2099,"Religious Workers, All Other",29170,35310,15760,0.2105,0.0137,flat,
23-1011,Lawyers,81620,102990,754500,0.2618,0.0567,up,
23-1012,Judicial Law Clerks,43580,52870,13290,0.2132,0.0159,flat,
23-1021,"Administrative Law Judges, Adjudicators, and Hearing Officers",63850,81140,16370,0.2708,0.0642,up,
23-1022,"Arbitrators, Mediators, and Conciliators",36910,57360,9210,0.5541,0.3014,up,"volatile: likely sampling artifact, consider suppressing"
23-1023,"Judges, Magistrate Judges, and Magistrates",81150,85710,24030,0.0562,-0.1155,down,
23-2011,Paralegals and Legal Assistants,45390,50340,392880,0.1091,-0.0713,down,
23-2093,"Title Examiners, Abstractors, and Searchers",37240,47420,48580,0.2734,0.0663,up,
23-2099,"Legal Support Workers, All Other",46070,54940,46760,0.1925,-0.0014,flat,
25-1011,"Business Teachers, Postsecondary",61760,64150,82150,0.0387,-0.1302,down,
25-1021,"Computer Science Teachers, Postsecondary",50010,66600,35480,0.3317,0.1152,up,
25-1022,"Mathematical Science Teachers, Postsecondary",60310,61690,47670,0.0229,-0.1434,down,
25-1031,"Architecture Teachers, Postsecondary",64490,74970,7700,0.1625,-0.0265,flat,
25-1032,"Engineering Teachers, Postsecondary",78130,81570,40270,0.0440,-0.1257,down,
25-1041,"Agricultural Sciences Teachers, Postsecondary",64280,66410,8920,0.0331,-0.1349,down,
25-1042,"Biological Science Teachers, Postsecondary",61750,64350,50190,0.0421,-0.1273,down,
25-1043,"Forestry and Conservation Science Teachers, Postsecondary",63300,77440,1520,0.2234,0.0245,flat,small occupation (<5k employed)
25-1051,"Atmospheric, Earth, Marine, and Space Sciences Teachers, Postsecondary",64030,77260,9900,0.2066,0.0104,flat,
25-1052,"Chemistry Teachers, Postsecondary",62060,68530,19980,0.1043,-0.0753,down,
25-1053,"Environmental Science Teachers, Postsecondary",62160,69880,6690,0.1242,-0.0586,down,
25-1054,"Physics Teachers, Postsecondary",62540,74050,13090,0.1840,-0.0085,flat,
25-1061,"Anthropology and Archeology Teachers, Postsecondary",64490,75200,5240,0.1661,-0.0235,flat,
25-1062,"Area, Ethnic, and Cultural Studies Teachers, Postsecondary",61690,65660,11300,0.0644,-0.1087,down,
25-1063,"Economics Teachers, Postsecondary",78400,86840,11560,0.1077,-0.0725,down,
25-1064,"Geography Teachers, Postsecondary",63600,74690,3330,0.1744,-0.0166,flat,small occupation (<5k employed)
25-1065,"Political Science Teachers, Postsecondary",63050,73260,16970,0.1619,-0.0270,flat,
25-1066,"Psychology Teachers, Postsecondary",60740,63400,41530,0.0438,-0.1259,down,
25-1067,"Sociology Teachers, Postsecondary",61420,64990,11850,0.0581,-0.1139,down,
25-1069,"Social Sciences Teachers, Postsecondary, All Other",60270,55910,16580,-0.0723,-0.2232,down,
25-1071,"Health Specialties Teachers, Postsecondary",64630,75690,221270,0.1711,-0.0193,flat,
25-1072,"Nursing Instructors and Teachers, Postsecondary",61390,63510,77960,0.0345,-0.1337,down,
25-1081,"Education Teachers, Postsecondary",48780,53770,60830,0.1023,-0.0769,down,
25-1082,"Library Science Teachers, Postsecondary",61350,64080,3630,0.0445,-0.1253,down,small occupation (<5k employed)
25-1111,"Criminal Justice and Law Enforcement Teachers, Postsecondary",50770,60020,13150,0.1822,-0.0100,flat,
25-1112,"Law Teachers, Postsecondary",73150,88700,20060,0.2126,0.0154,flat,
25-1113,"Social Work Teachers, Postsecondary",49990,61170,12610,0.2236,0.0247,flat,
25-1121,"Art, Drama, and Music Teachers, Postsecondary",49990,61620,93560,0.2326,0.0322,up,
25-1122,"Communications Teachers, Postsecondary",60420,61250,29420,0.0137,-0.1511,down,
25-1123,"English Language and Literature Teachers, Postsecondary",51730,60900,57720,0.1773,-0.0142,flat,
25-1124,"Foreign Language and Literature Teachers, Postsecondary",60550,62510,19830,0.0324,-0.1355,down,
25-1125,"History Teachers, Postsecondary",61070,63920,18790,0.0467,-0.1235,down,
25-1126,"Philosophy and Religion Teachers, Postsecondary",60670,62600,20460,0.0318,-0.1360,down,
25-1192,"Family and Consumer Sciences Teachers, Postsecondary",61350,57410,2770,-0.0642,-0.2164,down,small occupation (<5k employed)
25-1193,"Recreation and Fitness Studies Teachers, Postsecondary",49860,59990,12630,0.2032,0.0075,flat,
25-1194,"Career/Technical Education Teachers, Postsecondary",46910,50320,114110,0.0727,-0.1017,down,
25-1199,"Postsecondary Teachers, All Other",56550,59290,149840,0.0485,-0.1220,down,
25-2011,"Preschool Teachers, Except Special Education",28440,34530,478780,0.2141,0.0167,flat,
25-2012,"Kindergarten Teachers, Except Special Education",48100,52180,108870,0.0848,-0.0916,down,
25-2021,"Elementary School Teachers, Except Special Education",48450,57710,1388390,0.1911,-0.0026,flat,
25-2022,"Middle School Teachers, Except Special and Career/Technical Education",48540,58530,620090,0.2058,0.0097,flat,
25-2023,"Career/Technical Education Teachers, Middle School",52170,58690,16870,0.1250,-0.0579,down,
25-2031,"Secondary School Teachers, Except Special and Career/Technical Education",48830,59980,1065210,0.2283,0.0286,flat,
25-2032,"Career/Technical Education Teachers, Secondary School",50130,60590,111420,0.2087,0.0121,flat,
25-2051,"Special Education Teachers, Preschool",48450,52210,29510,0.0776,-0.0976,down,
25-2052,"Special Education Teachers, Kindergarten and Elementary School",48770,59710,260870,0.2243,0.0252,flat,
25-2057,"Special Education Teachers, Middle School",49120,60000,95200,0.2215,0.0229,flat,
25-2058,"Special Education Teachers, Secondary School",49850,60180,163930,0.2072,0.0109,flat,
25-2059,"Special Education Teachers, All Other",48350,60930,33930,0.2602,0.0553,up,
25-3011,"Adult Basic Education, Adult Secondary Education, and English as a Second Language Instructors",46620,49100,37310,0.0532,-0.1181,down,
25-3021,Self-Enrichment Teachers,29900,36380,332110,0.2167,0.0189,flat,
25-3031,"Substitute Teachers, Short-Term",25670,34170,524770,0.3311,0.1147,up,
25-3041,Tutors,29230,35000,175070,0.1974,0.0027,flat,
25-3099,"Teachers and Instructors, All Other",44520,48490,113790,0.0892,-0.0879,down,
25-4011,Archivists,46350,50680,7970,0.0934,-0.0844,down,
25-4012,Curators,46590,48870,12150,0.0489,-0.1216,down,
25-4013,Museum Technicians and Conservators,36440,41050,12310,0.1265,-0.0567,down,
25-4022,Librarians and Media Collections Specialists,47960,56310,133790,0.1741,-0.0168,flat,
25-4031,Library Technicians,29330,35740,68690,0.2185,0.0204,flat,
25-9021,Farm and Home Management Educators,37140,46990,8220,0.2652,0.0595,up,
25-9031,Instructional Coordinators,49750,60780,227760,0.2217,0.0231,flat,
25-9044,"Teaching Assistants, Postsecondary",29670,35270,164090,0.1887,-0.0045,flat,
25-9045,"Teaching Assistants, Except Postsecondary",24040,31060,1420350,0.2920,0.0819,up,
25-9099,"Educational Instruction and Library Workers, All Other",30130,36050,118590,0.1965,0.0019,flat,
27-1011,Art Directors,77490,82480,53070,0.0644,-0.1087,down,
27-1012,Craft Artists,28830,35020,4580,0.2147,0.0172,flat,small occupation (<5k employed)
27-1013,"Fine Artists, Including Painters, Sculptors, and Illustrators",37310,37560,11220,0.0067,-0.1570,down,
27-1014,Special Effects Artists and Animators,61300,75490,19970,0.2315,0.0312,up,
27-1019,"Artists and Related Workers, All Other",38310,42010,6930,0.0966,-0.0817,down,
27-1021,Commercial and Industrial Designers,57070,66450,33490,0.1644,-0.0250,flat,
27-1022,Fashion Designers,50630,51940,21450,0.0259,-0.1409,down,
27-1023,Floral Designers,27830,32810,40590,0.1789,-0.0128,flat,
27-1024,Graphic Designers,39270,49040,197830,0.2488,0.0457,up,
27-1025,Interior Designers,46420,51840,71500,0.1168,-0.0648,down,
27-1026,Merchandise Displayers and Window Trimmers,29240,35130,165220,0.2014,0.0061,flat,
27-1027,Set and Exhibit Designers,39180,52830,10630,0.3484,0.1291,up,
27-1029,"Designers, All Other",44580,51020,9480,0.1445,-0.0416,down,
27-2011,Actors,*,,55000,,,none,wage suppressed/annual-only
27-2012,Producers and Directors,50860,62670,143120,0.2322,0.0319,up,
27-2021,Athletes and Sports Competitors,37890,36790,15070,-0.0290,-0.1869,down,
27-2022,Coaches and Scouts,29240,35330,248950,0.2083,0.0118,flat,
27-2023,"Umpires, Referees, and Other Sports Officials",24350,32260,15780,0.3248,0.1094,up,
27-2031,Dancers,*,,8130,,,none,wage suppressed/annual-only
27-2032,Choreographers,29800,41600,2860,0.3960,0.1690,up,small occupation (<5k employed)
27-2041,Music Directors and Composers,36720,53110,12540,0.4464,0.2112,up,
27-2042,Musicians and Singers,*,,36180,,,none,wage suppressed/annual-only
27-2091,"Disc Jockeys, Except Radio",*,,7920,,,none,wage suppressed/annual-only
27-2099,"Entertainers and Performers, Sports and Related Workers, All Other",*,,16550,,,none,wage suppressed/annual-only
27-3011,Broadcast Announcers and Radio Disc Jockeys,29050,35360,21240,0.2172,0.0193,flat,
27-3023,"News Analysts, Reporters, and Journalists",35250,45370,39250,0.2871,0.0778,up,
27-3031,Public Relations Specialists,48670,56260,283380,0.1559,-0.0320,down,
27-3041,Editors,48380,57300,91690,0.1844,-0.0082,flat,
27-3042,Technical Writers,61830,70880,45500,0.1464,-0.0400,down,
27-3043,Writers and Authors,49390,58230,47940,0.1790,-0.0127,flat,
27-3091,Interpreters and Translators,38230,46530,52060,0.2171,0.0192,flat,
27-3092,Court Reporters and Simultaneous Captioners,46480,53760,12870,0.1566,-0.0314,down,
27-3099,"Media and Communication Workers, All Other",38560,49790,19590,0.2912,0.0813,up,
27-4011,Audio and Video Technicians,38300,46390,70230,0.2112,0.0143,flat,
27-4012,Broadcast Technicians,30060,40320,21110,0.3413,0.1232,up,
27-4014,Sound Engineering Technicians,42100,49910,13080,0.1855,-0.0073,flat,
27-4015,Lighting Technicians,38470,52770,8900,0.3717,0.1487,up,
27-4021,Photographers,30090,36050,51760,0.1981,0.0033,flat,
27-4031,"Camera Operators, Television, Video, and Film",38430,50920,21550,0.3250,0.1096,up,
27-4032,Film and Video Editors,47350,52720,25610,0.1134,-0.0676,down,
27-4099,"Media and Communication Equipment Workers, All Other",45960,49340,12450,0.0735,-0.1010,down,
29-1011,Chiropractors,50470,60070,39630,0.1902,-0.0033,flat,
29-1021,"Dentists, General",101570,125710,124390,0.2377,0.0364,up,
29-1022,Oral and Maxillofacial Surgeons,198490,204610,4910,0.0308,-0.1368,down,small occupation (<5k employed)
29-1023,Orthodontists,150690,146580,6210,-0.0273,-0.1854,down,
29-1024,Prosthodontists,100570,252050,870,1.5062,1.0987,up,"volatile: likely sampling artifact, consider suppressing; small occupation (<5k employed)"
29-1029,"Dentists, All Other Specialists",86230,166130,5230,0.9266,0.6133,up,"volatile: likely sampling artifact, consider suppressing"
29-1031,Dietitians and Nutritionists,49490,63080,77570,0.2746,0.0674,up,
29-1041,Optometrists,96230,109400,42790,0.1369,-0.0480,down,
29-1051,Pharmacists,121070,129380,321970,0.0686,-0.1051,down,
29-1071,Physician Assistants,99880,120670,162150,0.2081,0.0117,flat,
29-1081,Podiatrists,96320,103730,9680,0.0769,-0.0982,down,
29-1122,Occupational Therapists,75710,82510,162450,0.0898,-0.0874,down,
29-1123,Physical Therapists,77750,86160,267330,0.1082,-0.0720,down,
29-1124,Radiation Therapists,75490,92060,17070,0.2195,0.0212,flat,
29-1125,Recreational Therapists,37850,50240,14930,0.3273,0.1115,up,
29-1126,Respiratory Therapists,59280,74520,139790,0.2571,0.0527,up,
29-1127,Speech-Language Pathologists,61970,77730,183390,0.2543,0.0504,up,
29-1128,Exercise Physiologists,46120,49620,8560,0.0759,-0.0990,down,
29-1129,"Therapists, All Other",46980,58850,22640,0.2527,0.0490,up,
29-1131,Veterinarians,78920,101460,83900,0.2856,0.0766,up,
29-1141,Registered Nurses,61790,80330,3379720,0.3000,0.0887,up,
29-1151,Nurse Anesthetists,164860,206730,51840,0.2540,0.0501,up,
29-1161,Nurse Midwives,96040,116510,7920,0.2131,0.0159,flat,
29-1171,Nurse Practitioners,99540,117990,323040,0.1854,-0.0074,flat,
29-1181,Audiologists,71390,79340,13660,0.1114,-0.0693,down,
29-1211,Anesthesiologists,#,207000,38760,,,none,wage suppressed/annual-only
29-1212,Cardiologists,#,274280,17290,,,none,wage suppressed/annual-only
29-1213,Dermatologists,170020,139990,11370,-0.1766,-0.3105,down,"volatile: likely sampling artifact, consider suppressing"
29-1214,Emergency Medicine Physicians,#,184830,32880,,,none,wage suppressed/annual-only
29-1215,Family Medicine Physicians,143830,162420,107510,0.1292,-0.0544,down,
29-1216,General Internal Medicine Physicians,122140,124470,67150,0.0191,-0.1466,down,
29-1217,Neurologists,130920,155990,10590,0.1915,-0.0022,flat,
29-1218,Obstetricians and Gynecologists,198290,179810,21260,-0.0932,-0.2406,down,
29-1221,"Pediatricians, General",129410,138290,39390,0.0686,-0.1051,down,
29-1222,"Physicians, Pathologists",136160,186300,11110,0.3682,0.1458,up,
29-1223,Psychiatrists,128380,154150,27980,0.2007,0.0055,flat,
29-1224,Radiologists,165610,216800,26770,0.3091,0.0962,up,
29-1229,"Physicians, All Other",96450,102930,342720,0.0672,-0.1063,down,
29-1241,"Ophthalmologists, Except Pediatric",165380,173650,8950,0.0500,-0.1207,down,
29-1242,"Orthopedic Surgeons, Except Pediatric",193280,180610,14100,-0.0656,-0.2175,down,
29-1243,Pediatric Surgeons,172240,336380,1190,0.9530,0.6354,up,"volatile: likely sampling artifact, consider suppressing; small occupation (<5k employed)"
29-1249,"Surgeons, All Other",129070,134850,25140,0.0448,-0.1251,down,
29-1291,Acupuncturists,38000,55380,7830,0.4574,0.2204,up,
29-1292,Dental Hygienists,73540,83570,222740,0.1364,-0.0484,down,
29-1299,"Healthcare Diagnosing or Treating Practitioners, All Other",71120,83780,28630,0.1780,-0.0135,flat,
29-2010,Clinical Laboratory Technologists and Technicians,37990,47650,332940,0.2543,0.0503,up,
29-2031,Cardiovascular Technologists and Technicians,37990,47890,62960,0.2606,0.0556,up,
29-2032,Diagnostic Medical Sonographers,62560,80430,90160,0.2856,0.0766,up,
29-2033,Nuclear Medicine Technologists,74820,86720,17080,0.1590,-0.0294,flat,
29-2034,Radiologic Technologists and Technicians,48900,64810,230490,0.3254,0.1099,up,
29-2035,Magnetic Resonance Imaging Technologists,62090,81040,43390,0.3052,0.0930,up,
29-2036,Medical Dosimetrists,103640,132080,3410,0.2744,0.0672,up,small occupation (<5k employed)
29-2042,Emergency Medical Technicians,28920,37960,180510,0.3126,0.0992,up,
29-2043,Paramedics,37120,49660,100610,0.3378,0.1203,up,
29-2051,Dietetic Technicians,28400,33880,31560,0.1930,-0.0010,flat,
29-2052,Pharmacy Technicians,29460,37850,471680,0.2848,0.0759,up,
29-2053,Psychiatric Technicians,29210,38430,156960,0.3156,0.1017,up,
29-2055,Surgical Technologists,46440,54690,117460,0.1776,-0.0138,flat,
29-2056,Veterinary Technologists and Technicians,29810,38910,129140,0.3053,0.0930,up,
29-2057,Ophthalmic Medical Technicians,30950,38170,71010,0.2333,0.0327,up,
29-2061,Licensed Practical and Licensed Vocational Nurses,46410,59000,648410,0.2713,0.0646,up,
29-2072,Medical Records Specialists,36930,43490,194720,0.1776,-0.0138,flat,
29-2081,"Opticians, Dispensing",30310,38820,73530,0.2808,0.0725,up,
29-2091,Orthotists and Prosthetists,55710,61290,9390,0.1002,-0.0787,down,
29-2092,Hearing Aid Specialists,39130,48390,11270,0.2366,0.0356,up,
29-2099,"Health Technologists and Technicians, All Other",36690,44170,182610,0.2039,0.0081,flat,
29-9021,Health Information Technologists and Medical Registrars,37500,48940,38100,0.3051,0.0929,up,
29-9091,Athletic Trainers,46590,55130,30500,0.1833,-0.0091,flat,
29-9092,Genetic Counselors,76300,88900,3740,0.1651,-0.0243,flat,small occupation (<5k employed)
29-9093,Surgical Assistants,37850,50170,22270,0.3255,0.1100,up,
29-9099,"Healthcare Practitioners and Technical Workers, All Other",37440,47750,35010,0.2754,0.0680,up,
31-1120,Home Health and Personal Care Aides,24090,31920,4305810,0.3250,0.1096,up,
31-1131,Nursing Assistants,28900,37260,1448910,0.2893,0.0796,up,
31-1132,Orderlies,28560,35570,52440,0.2454,0.0429,up,
31-1133,Psychiatric Aides,25560,37750,35520,0.4769,0.2368,up,
31-2011,Occupational Therapy Assistants,50880,61710,51290,0.2129,0.0156,flat,
31-2012,Occupational Therapy Aides,28350,35920,4310,0.2670,0.0610,up,small occupation (<5k employed)
31-2021,Physical Therapist Assistants,48670,59820,112430,0.2291,0.0292,flat,
31-2022,Physical Therapist Aides,24240,30410,48150,0.2545,0.0506,up,
31-9011,Massage Therapists,34770,43480,98790,0.2505,0.0472,up,
31-9091,Dental Assistants,37000,44340,387790,0.1984,0.0035,flat,
31-9092,Medical Assistants,30200,38470,817870,0.2738,0.0667,up,
31-9093,Medical Equipment Preparers,35230,39800,77420,0.1297,-0.0540,down,
31-9094,Medical Transcriptionists,28220,34150,41550,0.2101,0.0134,flat,
31-9095,Pharmacy Aides,27880,34980,39530,0.2547,0.0507,up,
31-9096,Veterinary Assistants and Laboratory Animal Caretakers,28200,35660,126580,0.2645,0.0589,up,
31-9097,Phlebotomists,30430,38190,143540,0.2550,0.0509,up,
31-9099,"Healthcare Support Workers, All Other",29990,39470,109740,0.3161,0.1021,up,
33-1011,First-Line Supervisors of Correctional Officers,47680,59890,53380,0.2561,0.0518,up,
33-1012,First-Line Supervisors of Police and Detectives,67210,81860,154610,0.2180,0.0199,flat,
33-1021,First-Line Supervisors of Firefighting and Prevention Workers,61270,72140,99140,0.1774,-0.0140,flat,
33-1091,First-Line Supervisors of Security Workers,38290,45030,81480,0.1760,-0.0152,flat,
33-1099,"First-Line Supervisors of Protective Service Workers, All Other",50020,52400,20690,0.0476,-0.1228,down,
33-2011,Firefighters,37140,44490,345990,0.1979,0.0031,flat,
33-2021,Fire Inspectors and Investigators,50480,58690,13800,0.1626,-0.0264,flat,
33-2022,Forest Fire Inspectors and Prevention Specialists,33000,43760,2780,0.3261,0.1104,up,small occupation (<5k employed)
33-3011,Bailiffs,37420,43720,17310,0.1684,-0.0216,flat,
33-3012,Correctional Officers and Jailers,38590,48640,380500,0.2604,0.0555,up,
33-3021,Detectives and Criminal Investigators,61600,69330,114430,0.1255,-0.0575,down,
33-3031,Fish and Game Wardens,47260,61430,5770,0.2998,0.0885,up,
33-3041,Parking Enforcement Workers,34550,39870,9050,0.1540,-0.0337,down,
33-3051,Police and Sheriff's Patrol Officers,50630,59290,670520,0.1710,-0.0194,flat,
33-3052,Transit and Railroad Police,51130,68990,4390,0.3493,0.1299,up,small occupation (<5k employed)
33-9011,Animal Control Workers,31590,37750,12070,0.1950,0.0007,flat,
33-9021,Private Detectives and Investigators,40290,40700,35580,0.0102,-0.1541,down,
33-9031,Gambling Surveillance Officers and Gambling Investigators,29470,36270,9520,0.2307,0.0306,up,
33-9032,Security Guards,28890,35210,1283470,0.2188,0.0206,flat,
33-9091,Crossing Guards and Flaggers,28660,34430,94360,0.2013,0.0060,flat,
33-9092,"Lifeguards, Ski Patrol, and Other Recreational Protective Service Workers",22140,28880,157550,0.3044,0.0923,up,
33-9093,Transportation Security Screeners,41560,57050,50290,0.3727,0.1495,up,
33-9094,School Bus Monitors,24900,31760,78420,0.2755,0.0681,up,
33-9099,"Protective Service Workers, All Other",31190,35420,81500,0.1356,-0.0490,down,
35-1011,Chefs and Head Cooks,39130,48440,200040,0.2379,0.0366,up,
35-1012,First-Line Supervisors of Food Preparation and Serving Workers,29430,35980,1223240,0.2226,0.0238,flat,
35-2011,"Cooks, Fast Food",21610,27260,641070,0.2615,0.0563,up,
35-2012,"Cooks, Institution and Cafeteria",24500,32440,441050,0.3241,0.1088,up,
35-2013,"Cooks, Private Household",30160,40630,1100,0.3471,0.1281,up,small occupation (<5k employed)
35-2014,"Cooks, Restaurant",27810,34010,1409890,0.2229,0.0241,flat,
35-2015,"Cooks, Short Order",22880,30610,138650,0.3378,0.1203,up,
35-2019,"Cooks, All Other",27380,32150,19350,0.1742,-0.0167,flat,
35-2021,Food Preparation Workers,23520,29950,893600,0.2734,0.0663,up,
35-3011,Bartenders,20560,27400,756390,0.3327,0.1160,up,
35-3023,Fast Food and Counter Workers,21970,27700,3854050,0.2608,0.0558,up,
35-3031,Waiters and Waitresses,20020,27750,2270910,0.3861,0.1607,up,
35-3041,"Food Servers, Nonrestaurant",23970,31190,293900,0.3012,0.0896,up,
35-9011,Dining Room and Cafeteria Attendants and Bartender Helpers,22240,28330,542750,0.2738,0.0667,up,
35-9021,Dishwashers,22920,29690,477450,0.2954,0.0847,up,
35-9031,"Hosts and Hostesses, Restaurant, Lounge, and Coffee Shop",21750,27570,432690,0.2676,0.0615,up,
35-9099,"Food Preparation and Serving Related Workers, All Other",23660,31200,84630,0.3187,0.1043,up,
37-1011,First-Line Supervisors of Housekeeping and Janitorial Workers,33710,40100,178760,0.1896,-0.0039,flat,
37-1012,"First-Line Supervisors of Landscaping, Lawn Service, and Groundskeeping Workers",38880,47390,130760,0.2189,0.0207,flat,
37-2011,"Janitors and Cleaners, Except Maids and Housekeeping Cleaners",24550,32240,2209760,0.3132,0.0997,up,
37-2012,Maids and Housekeeping Cleaners,23470,30350,860670,0.2931,0.0829,up,
37-2019,"Building Cleaning Workers, All Other",28510,37440,17210,0.3132,0.0997,up,
37-2021,Pest Control Workers,30520,37440,102620,0.2267,0.0273,flat,
37-3011,Landscaping and Groundskeeping Workers,29360,36190,952640,0.2326,0.0322,up,
37-3012,"Pesticide Handlers, Sprayers, and Applicators, Vegetation",33580,39160,27050,0.1662,-0.0234,flat,
37-3013,Tree Trimmers and Pruners,38110,44840,55160,0.1766,-0.0147,flat,
37-3019,"Grounds Maintenance Workers, All Other",30150,37520,13630,0.2444,0.0421,up,
39-1013,First-Line Supervisors of Gambling Services Workers,38960,51340,26010,0.3178,0.1035,up,
39-1014,"First-Line Supervisors of Entertainment and Recreation Workers, Except Gambling Services",31560,39400,103190,0.2484,0.0454,up,
39-1022,First-Line Supervisors of Personal Service Workers,33710,39050,114110,0.1584,-0.0299,flat,
39-2011,Animal Trainers,28110,33740,18770,0.2003,0.0051,flat,
39-2021,Animal Caretakers,23160,29820,266910,0.2876,0.0782,up,
39-3011,Gambling Dealers,18600,25810,83910,0.3876,0.1620,up,
39-3012,Gambling and Sports Book Writers and Runners,22910,28150,8950,0.2287,0.0289,flat,
39-3019,"Gambling Service Workers, All Other",23080,28390,14140,0.2301,0.0301,up,
39-3021,Motion Picture Projectionists,24960,30040,1480,0.2035,0.0078,flat,small occupation (<5k employed)
39-3031,"Ushers, Lobby Attendants, and Ticket Takers",20650,28310,121770,0.3709,0.1480,up,
39-3091,Amusement and Recreation Attendants,21700,27660,397830,0.2747,0.0674,up,
39-3092,Costume Attendants,31380,38610,6510,0.2304,0.0303,up,
39-3093,"Locker Room, Coatroom, and Dressing Room Attendants",23220,31200,15560,0.3437,0.1252,up,
39-3099,"Entertainment Attendants and Related Workers, All Other",20630,26790,7060,0.2986,0.0874,up,
39-4011,Embalmers,37380,48010,3890,0.2844,0.0755,up,small occupation (<5k employed)
39-4012,Crematory Operators,31690,37020,2970,0.1682,-0.0218,flat,small occupation (<5k employed)
39-4021,Funeral Attendants,24490,30380,31090,0.2405,0.0388,up,
39-4031,"Morticians, Undertakers, and Funeral Arrangers",37880,42430,25100,0.1201,-0.0620,down,
39-5011,Barbers,26300,31570,15000,0.2004,0.0052,flat,
39-5012,"Hairdressers, Hairstylists, and Cosmetologists",23960,30120,305710,0.2571,0.0527,up,
39-5091,"Makeup Artists, Theatrical and Performance",78850,34530,2340,-0.5621,-0.6333,down,"volatile: likely sampling artifact, consider suppressing; small occupation (<5k employed)"
39-5092,Manicurists and Pedicurists,26420,34010,152770,0.2873,0.0780,up,
39-5093,Shampooers,22070,28550,8070,0.2936,0.0833,up,
39-5094,Skincare Specialists,29240,36040,72890,0.2326,0.0321,up,
39-6011,Baggage Porters and Bellhops,23320,31200,28510,0.3379,0.1204,up,
39-6012,Concierges,29660,35660,49240,0.2023,0.0068,flat,
39-7010,Tour and Travel Guides,24300,32910,53500,0.3543,0.1341,up,
39-9011,Childcare Workers,22640,29360,518910,0.2968,0.0860,up,
39-9031,Exercise Trainers and Group Fitness Instructors,29580,35280,322930,0.1927,-0.0012,flat,
39-9032,Recreation Workers,24330,31780,331490,0.3062,0.0938,up,
39-9041,Residential Advisors,28820,35510,84760,0.2321,0.0318,up,
39-9099,"Personal Care and Service Workers, All Other",28010,34180,60420,0.2203,0.0219,flat,
41-1011,First-Line Supervisors of Retail Sales Workers,33520,38590,1121800,0.1513,-0.0359,down,
41-1012,First-Line Supervisors of Non-Retail Sales Workers,61490,63940,214390,0.0398,-0.1292,down,
41-2011,Cashiers,22670,28720,3089410,0.2669,0.0609,up,
41-2012,Gambling Change Persons and Booth Cashiers,22860,29630,21530,0.2962,0.0854,up,
41-2021,Counter and Rental Clerks,28660,35630,400810,0.2432,0.0411,up,
41-2022,Parts Salespersons,28530,33110,270070,0.1605,-0.0282,flat,
41-2031,Retail Salespersons,23500,29900,3897860,0.2723,0.0655,up,
41-3011,Advertising Sales Agents,37700,47020,91700,0.2472,0.0444,up,
41-3021,Insurance Sales Agents,38210,46870,479100,0.2266,0.0272,flat,
41-3031,"Securities, Commodities, and Financial Services Sales Agents",48100,56540,489570,0.1755,-0.0157,flat,
41-3041,Travel Agents,31200,41950,55110,0.3446,0.1259,up,
41-3091,"Sales Representatives of Services, Except Advertising, Insurance, Financial Services, and Travel",39980,47670,1256010,0.1923,-0.0015,flat,
41-4011,"Sales Representatives, Wholesale and Manufacturing, Technical and Scientific Products",61900,75030,284800,0.2121,0.0150,flat,
41-4012,"Sales Representatives, Wholesale and Manufacturing, Except Technical and Scientific Products",45800,50470,1238190,0.1020,-0.0772,down,
41-9011,Demonstrators and Product Promoters,29040,35160,64520,0.2107,0.0139,flat,
41-9012,Models,*,35710,3780,,,none,wage suppressed/annual-only
41-9021,Real Estate Brokers,42920,46480,46100,0.0829,-0.0931,down,
41-9022,Real Estate Sales Agents,35880,40040,193370,0.1159,-0.0655,down,
41-9031,Sales Engineers,79900,92890,51790,0.1626,-0.0265,flat,
41-9041,Telemarketers,23470,29640,58430,0.2629,0.0575,up,
41-9091,"Door-to-Door Sales Workers, News and Street Vendors, and Related Workers",23530,36470,2760,0.5499,0.2979,up,"volatile: likely sampling artifact, consider suppressing; small occupation (<5k employed)"
41-9099,"Sales and Related Workers, All Other",28350,36860,93180,0.3002,0.0888,up,
43-1011,First-Line Supervisors of Office and Administrative Support Workers,47490,55950,1436680,0.1781,-0.0134,flat,
43-2011,"Switchboard Operators, Including Answering Service",28720,34820,34280,0.2124,0.0153,flat,
43-2021,Telephone Operators,29300,36920,3430,0.2601,0.0552,up,small occupation (<5k employed)
43-2099,"Communications Equipment Operators, All Other",37370,46460,1200,0.2432,0.0411,up,small occupation (<5k employed)
43-3011,Bill and Account Collectors,30420,39010,158830,0.2824,0.0739,up,
43-3021,Billing and Posting Clerks,36650,42840,404060,0.1689,-0.0212,flat,
43-3031,"Bookkeeping, Accounting, and Auditing Clerks",36750,43520,1373680,0.1842,-0.0083,flat,
43-3041,Gambling Cage Workers,26000,34510,14430,0.3273,0.1115,up,
43-3051,Payroll and Timekeeping Clerks,37880,47990,153140,0.2669,0.0609,up,
43-3061,Procurement Clerks,36890,43420,55810,0.1770,-0.0144,flat,
43-3071,Tellers,29410,37040,329480,0.2594,0.0547,up,
43-3099,"Financial Clerks, All Other",37040,47510,36260,0.2827,0.0741,up,
43-4011,Brokerage Clerks,47230,58620,35940,0.2412,0.0393,up,
43-4021,Correspondence Clerks,36750,38610,4290,0.0506,-0.1202,down,small occupation (<5k employed)
43-4031,"Court, Municipal, and License Clerks",36680,40810,179750,0.1126,-0.0683,down,
43-4041,"Credit Authorizers, Checkers, and Clerks",36890,40520,12030,0.0984,-0.0802,down,
43-4051,Customer Service Representatives,29700,36870,2595750,0.2414,0.0396,up,
43-4061,"Eligibility Interviewers, Government Programs",37250,45910,154800,0.2325,0.0321,up,
43-4071,File Clerks,29120,36420,73440,0.2507,0.0473,up,
43-4081,"Hotel, Motel, and Resort Desk Clerks",22910,29810,261420,0.3012,0.0896,up,
43-4111,"Interviewers, Except Eligibility and Loan",30020,38330,148060,0.2768,0.0692,up,
43-4121,"Library Assistants, Clerical",23910,31820,85520,0.3308,0.1144,up,
43-4131,Loan Interviewers and Clerks,37000,45120,164790,0.2195,0.0212,flat,
43-4141,New Accounts Clerks,36340,43920,36860,0.2086,0.0121,flat,
43-4151,Order Clerks,30040,39660,75200,0.3202,0.1056,up,
43-4161,"Human Resources Assistants, Except Payroll and Timekeeping",37180,44030,90220,0.1842,-0.0083,flat,
43-4171,Receptionists and Information Clerks,28420,33960,910180,0.1949,0.0006,flat,
43-4181,Reservation and Transportation Ticket Agents and Travel Clerks,30690,37850,118710,0.2333,0.0328,up,
43-4199,"Information and Record Clerks, All Other",34590,40910,134920,0.1827,-0.0096,flat,
43-5011,Cargo and Freight Agents,37020,45710,97670,0.2347,0.0340,up,
43-5021,Couriers and Messengers,28960,36070,68640,0.2455,0.0430,up,
43-5031,Public Safety Telecommunicators,36890,45210,102500,0.2255,0.0263,flat,
43-5032,"Dispatchers, Except Police, Fire, and Ambulance",35590,42750,202810,0.2012,0.0059,flat,
43-5041,"Meter Readers, Utilities",32790,39410,19430,0.2019,0.0065,flat,
43-5051,Postal Service Clerks,46070,56740,73720,0.2316,0.0313,up,
43-5052,Postal Service Mail Carriers,39640,48940,328820,0.2346,0.0339,up,
43-5053,"Postal Service Mail Sorters, Processors, and Processing Machine Operators",38880,48880,105200,0.2572,0.0528,up,
43-5061,"Production, Planning, and Expediting Clerks",38060,47820,390160,0.2564,0.0521,up,
43-5071,"Shipping, Receiving, and Inventory Clerks",29840,38200,816870,0.2802,0.0720,up,
43-5111,"Weighers, Measurers, Checkers, and Samplers, Recordkeeping",30210,39180,53300,0.2969,0.0860,up,
43-6011,Executive Secretaries and Executive Administrative Assistants,48720,61390,459910,0.2601,0.0552,up,
43-6012,Legal Secretaries and Administrative Assistants,37560,44450,156280,0.1834,-0.0090,flat,
43-6013,Medical Secretaries and Administrative Assistants,30710,38570,961610,0.2559,0.0517,up,
43-6014,"Secretaries and Administrative Assistants, Except Legal, Medical, and Executive",30210,38830,1706790,0.2853,0.0763,up,
43-9021,Data Entry Keyers,29310,35760,127080,0.2201,0.0217,flat,
43-9022,Word Processors and Typists,37110,40800,35010,0.0994,-0.0793,down,
43-9031,Desktop Publishers,30880,43730,3350,0.4161,0.1859,up,small occupation (<5k employed)
43-9041,Insurance Claims and Policy Processing Clerks,37200,44270,214260,0.1901,-0.0034,flat,
43-9051,"Mail Clerks and Mail Machine Operators, Except Postal Service",28990,35470,55230,0.2235,0.0246,flat,
43-9061,"Office Clerks, General",29410,36350,2464940,0.2360,0.0350,up,
43-9071,"Office Machine Operators, Except Computer",29820,36090,25130,0.2103,0.0135,flat,
43-9081,Proofreaders and Copy Markers,34270,41170,4580,0.2013,0.0060,flat,small occupation (<5k employed)
43-9111,Statistical Assistants,38320,42840,4710,0.1180,-0.0638,down,small occupation (<5k employed)
43-9199,"Office and Administrative Support Workers, All Other",29800,34320,192260,0.1517,-0.0356,down,
45-1011,"First-Line Supervisors of Farming, Fishing, and Forestry Workers",38350,46670,27960,0.2169,0.0191,flat,
45-2011,Agricultural Inspectors,35610,42330,14410,0.1887,-0.0046,flat,
45-2021,Animal Breeders,29630,44320,1330,0.4958,0.2526,up,"volatile: likely sampling artifact, consider suppressing; small occupation (<5k employed)"
45-2041,"Graders and Sorters, Agricultural Products",28430,34320,25180,0.2072,0.0109,flat,
45-2091,Agricultural Equipment Operators,29540,36810,28500,0.2461,0.0435,up,
45-2092,"Farmworkers and Laborers, Crop, Nursery, and Greenhouse",29120,34320,265500,0.1786,-0.0131,flat,
45-2093,"Farmworkers, Farm, Ranch, and Aquacultural Animals",25880,31020,32810,0.1986,0.0037,flat,
45-2099,"Agricultural Workers, All Other",29060,33140,3620,0.1404,-0.0450,down,small occupation (<5k employed)
45-4011,Forest and Conservation Workers,29510,37440,6050,0.2687,0.0624,up,
45-4021,Fallers,36560,41360,3130,0.1313,-0.0527,down,small occupation (<5k employed)
45-4022,Logging Equipment Operators,35890,43970,21060,0.2251,0.0259,flat,
45-4023,Log Graders and Scalers,32230,37780,3070,0.1722,-0.0184,flat,small occupation (<5k employed)
45-4029,"Logging Workers, All Other",36190,41900,1700,0.1578,-0.0305,down,small occupation (<5k employed)
47-1011,First-Line Supervisors of Construction Trades and Extraction Workers,58000,63400,812210,0.0931,-0.0846,down,
47-2011,Boilermakers,56430,64760,10190,0.1476,-0.0390,down,
47-2021,Brickmasons and Blockmasons,47110,51110,52550,0.0849,-0.0915,down,
47-2022,Stonemasons,37790,45450,7820,0.2027,0.0071,flat,
47-2031,Carpenters,38240,48510,670090,0.2686,0.0623,up,
47-2041,Carpet Installers,36310,41970,13780,0.1559,-0.0321,down,
47-2042,"Floor Layers, Except Carpet, Wood, and Hard Tiles",37330,45660,23640,0.2231,0.0243,flat,
47-2043,Floor Sanders and Finishers,30250,41600,3720,0.3752,0.1516,up,small occupation (<5k employed)
47-2044,Tile and Stone Setters,37620,45200,35850,0.2015,0.0061,flat,
47-2051,Cement Masons and Concrete Finishers,37840,47010,206170,0.2423,0.0403,up,
47-2053,Terrazzo Workers and Finishers,38960,54830,1180,0.4073,0.1785,up,small occupation (<5k employed)
47-2061,Construction Laborers,30780,38620,1096780,0.2547,0.0507,up,
47-2071,"Paving, Surfacing, and Tamping Equipment Operators",37630,45610,41820,0.2121,0.0150,flat,
47-2072,Pile Driver Operators,48950,58510,2310,0.1953,0.0009,flat,small occupation (<5k employed)
47-2073,Operating Engineers and Other Construction Equipment Operators,38570,48680,478090,0.2621,0.0569,up,
47-2081,Drywall and Ceiling Tile Installers,38000,47440,83080,0.2484,0.0454,up,
47-2082,Tapers,48040,52730,12840,0.0976,-0.0808,down,
47-2111,Electricians,46900,49430,757220,0.0539,-0.1174,down,
47-2121,Glaziers,37630,46320,58480,0.2309,0.0308,up,
47-2131,"Insulation Workers, Floor, Ceiling, and Wall",34200,43200,44440,0.2632,0.0578,up,
47-2132,"Insulation Workers, Mechanical",38540,48100,25660,0.2481,0.0451,up,
47-2141,"Painters, Construction and Maintenance",36920,44640,225190,0.2091,0.0125,flat,
47-2142,Paperhangers,37670,44890,1570,0.1917,-0.0021,flat,small occupation (<5k employed)
47-2151,Pipelayers,36910,43980,33050,0.1915,-0.0022,flat,
47-2152,"Plumbers, Pipefitters, and Steamfitters",46590,50190,465840,0.0773,-0.0979,down,
47-2161,Plasterers and Stucco Masons,37860,47970,19310,0.2670,0.0610,up,
47-2171,Reinforcing Iron and Rebar Workers,45190,47990,13800,0.0620,-0.1107,down,
47-2181,Roofers,37190,46260,135490,0.2439,0.0416,up,
47-2211,Sheet Metal Workers,39200,47830,119770,0.2202,0.0218,flat,
47-2221,Structural Iron and Steel Workers,45670,49880,68380,0.0922,-0.0854,down,
47-2231,Solar Photovoltaic Installers,37990,46700,31350,0.2293,0.0294,flat,
47-3011,"Helpers--Brickmasons, Blockmasons, Stonemasons, and Tile and Marble Setters",33300,40100,14170,0.2042,0.0084,flat,
47-3012,Helpers--Carpenters,29750,36730,21680,0.2346,0.0339,up,
47-3013,Helpers--Electricians,29630,36830,63630,0.2430,0.0409,up,
47-3014,"Helpers--Painters, Paperhangers, Plasterers, and Stucco Masons",29400,36830,7490,0.2527,0.0490,up,
47-3015,"Helpers--Pipelayers, Plumbers, Pipefitters, and Steamfitters",29260,36940,44330,0.2625,0.0572,up,
47-3016,Helpers--Roofers,29650,37030,6030,0.2489,0.0458,up,
47-3019,"Helpers, Construction Trades, All Other",29660,37030,24770,0.2485,0.0455,up,
47-4011,Construction and Building Inspectors,48360,58860,146720,0.2171,0.0192,flat,
47-4021,Elevator and Escalator Installers and Repairers,62190,79290,23790,0.2750,0.0677,up,
47-4031,Fence Erectors,31920,40400,24480,0.2657,0.0599,up,
47-4041,Hazardous Materials Removal Workers,37070,44720,51710,0.2064,0.0102,flat,
47-4051,Highway Maintenance Workers,36700,43500,154960,0.1853,-0.0074,flat,
47-4061,Rail-Track Laying and Maintenance Equipment Operators,48070,51280,19580,0.0668,-0.1067,down,
47-4071,Septic Tank Servicers and Sewer Pipe Cleaners,36240,43530,30650,0.2012,0.0059,flat,
47-4090,Miscellaneous Construction and Related Workers,35090,42810,28380,0.2200,0.0216,flat,
47-5011,"Derrick Operators, Oil and Gas",38270,49880,10590,0.3034,0.0914,up,
47-5012,"Rotary Drill Operators, Oil and Gas",46940,53810,12600,0.1464,-0.0400,down,
47-5013,"Service Unit Operators, Oil and Gas",37990,47480,43140,0.2498,0.0466,up,
47-5022,"Excavating and Loading Machine and Dragline Operators, Surface Mining",37790,47890,34480,0.2673,0.0612,up,
47-5023,"Earth Drillers, Except Oil and Gas",43780,49900,19450,0.1398,-0.0455,down,
47-5032,"Explosives Workers, Ordnance Handling Experts, and Blasters",45610,49630,5100,0.0881,-0.0888,down,
47-5041,Continuous Mining Machine Operators,47370,51610,14000,0.0895,-0.0876,down,
47-5043,"Roof Bolters, Mining",47610,71390,2160,0.4995,0.2557,up,"volatile: likely sampling artifact, consider suppressing; small occupation (<5k employed)"
47-5044,"Loading and Moving Machine Operators, Underground Mining",47060,61410,5930,0.3049,0.0927,up,
47-5049,"Underground Mining Machine Operators, All Other",48940,51670,3180,0.0558,-0.1159,down,small occupation (<5k employed)
47-5051,"Rock Splitters, Quarry",30120,42670,3320,0.4167,0.1863,up,small occupation (<5k employed)
47-5071,"Roustabouts, Oil and Gas",36660,38850,44970,0.0597,-0.1126,down,
47-5081,Helpers--Extraction Workers,34600,41430,6700,0.1974,0.0027,flat,
47-5099,"Extraction Workers, All Other",37900,44370,5540,0.1707,-0.0196,flat,
49-1011,"First-Line Supervisors of Mechanics, Installers, and Repairers",51980,62690,617500,0.2060,0.0099,flat,
49-2011,"Computer, Automated Teller, and Office Machine Repairers",34640,38900,65600,0.1230,-0.0596,down,
49-2021,"Radio, Cellular, and Tower Equipment Installers and Repairers",47230,50580,11140,0.0709,-0.1032,down,
49-2022,"Telecommunications Equipment Installers and Repairers, Except Line Installers",47040,51830,140920,0.1018,-0.0773,down,
49-2091,Avionics Technicians,56960,63900,18830,0.1218,-0.0606,down,
49-2092,"Electric Motor, Power Tool, and Related Repairers",37360,45190,14450,0.2096,0.0129,flat,
49-2093,"Electrical and Electronics Installers and Repairers, Transportation Equipment",59870,63560,6940,0.0616,-0.1110,down,
49-2094,"Electrical and Electronics Repairers, Commercial and Industrial Equipment",48420,60040,65010,0.2400,0.0384,up,
49-2095,"Electrical and Electronics Repairers, Powerhouse, Substation, and Relay",76140,81860,20720,0.0751,-0.0997,down,
49-2096,"Electronic Equipment Installers and Repairers, Motor Vehicles",36260,43310,8550,0.1944,0.0002,flat,
49-2097,Audiovisual Equipment Installers and Repairers,36490,44490,19780,0.2192,0.0210,flat,
49-2098,Security and Fire Alarm Systems Installers,38110,47820,86340,0.2548,0.0508,up,
49-3011,Aircraft Mechanics and Service Technicians,50330,62630,138090,0.2444,0.0421,up,
49-3021,Automotive Body and Related Repairers,37360,45750,149310,0.2246,0.0255,flat,
49-3022,Automotive Glass Installers and Repairers,31370,40110,20310,0.2786,0.0707,up,
49-3023,Automotive Service Technicians and Mechanics,35680,38900,704640,0.0902,-0.0870,down,
49-3031,Bus and Truck Mechanics and Diesel Engine Specialists,41600,50540,289960,0.2149,0.0174,flat,
49-3041,Farm Equipment Mechanics and Service Technicians,37280,46450,37870,0.2460,0.0434,up,
49-3042,"Mobile Heavy Equipment Mechanics, Except Engines",47020,56970,176600,0.2116,0.0146,flat,
49-3043,Rail Car Repairers,47200,54520,21350,0.1551,-0.0327,down,
49-3051,Motorboat Mechanics and Service Technicians,36730,46750,23220,0.2728,0.0658,up,
49-3052,Motorcycle Mechanics,30320,39550,13510,0.3044,0.0923,up,
49-3053,Outdoor Power Equipment and Other Small Engine Mechanics,30400,40670,36060,0.3378,0.1203,up,
49-3091,Bicycle Repairers,29120,36360,12170,0.2486,0.0456,up,
49-3092,Recreational Vehicle Service Technicians,36100,44920,17430,0.2443,0.0420,up,
49-3093,Tire Repairers and Changers,28260,34690,108410,0.2275,0.0279,flat,
49-9011,Mechanical Door Repairers,36820,46610,27120,0.2659,0.0601,up,
49-9012,"Control and Valve Installers and Repairers, Except Mechanical Door",47840,54950,48240,0.1486,-0.0381,down,
49-9021,"Heating, Air Conditioning, and Refrigeration Mechanics and Installers",38450,48360,409670,0.2577,0.0532,up,
49-9031,Home Appliance Repairers,34920,43780,32150,0.2537,0.0499,up,
49-9041,Industrial Machinery Mechanics,47260,55010,439640,0.1640,-0.0253,flat,
49-9043,"Maintenance Workers, Machinery",40540,48920,60020,0.2067,0.0105,flat,
49-9044,Millwrights,47540,56390,40330,0.1862,-0.0067,flat,
49-9045,"Refractory Materials Repairers, Except Brickmasons",46980,50050,1080,0.0653,-0.1079,down,small occupation (<5k employed)
49-9051,Electrical Power-Line Installers and Repairers,60480,67270,131070,0.1123,-0.0686,down,
49-9052,Telecommunications Line Installers and Repairers,43570,54310,97720,0.2465,0.0438,up,
49-9061,Camera and Photographic Equipment Repairers,32760,41630,1650,0.2708,0.0641,up,small occupation (<5k employed)
49-9062,Medical Equipment Repairers,38250,47470,65990,0.2410,0.0393,up,
49-9063,Musical Instrument Repairers and Tuners,29220,37670,5380,0.2892,0.0796,up,
49-9064,Watch and Clock Repairers,29300,47650,1310,0.6263,0.3618,up,"volatile: likely sampling artifact, consider suppressing; small occupation (<5k employed)"
49-9069,"Precision Instrument and Equipment Repairers, All Other",46650,51070,9400,0.0947,-0.0833,down,
49-9071,"Maintenance and Repair Workers, General",34270,40840,1529700,0.1917,-0.0021,flat,
49-9081,Wind Turbine Service Technicians,47040,58840,9980,0.2509,0.0475,up,
49-9091,"Coin, Vending, and Amusement Machine Servicers and Repairers",30300,39760,26410,0.3122,0.0988,up,
49-9092,Commercial Divers,47120,54810,3450,0.1632,-0.0259,flat,small occupation (<5k employed)
49-9094,Locksmiths and Safe Repairers,36590,43160,15040,0.1796,-0.0122,flat,
49-9095,Manufactured Building and Mobile Home Installers,29180,35800,3020,0.2269,0.0274,flat,small occupation (<5k employed)
49-9096,Riggers,37820,48210,22530,0.2747,0.0675,up,
49-9097,Signal and Track Switch Repairers,63360,79720,8720,0.2582,0.0536,up,
49-9098,"Helpers--Installation, Maintenance, and Repair Workers",28990,34910,95580,0.2042,0.0084,flat,
49-9099,"Installation, Maintenance, and Repair Workers, All Other",34470,42170,176300,0.2234,0.0245,flat,
51-1011,First-Line Supervisors of Production and Operating Workers,48280,58630,673430,0.2144,0.0169,flat,
51-2011,"Aircraft Structure, Surfaces, Rigging, and Systems Assemblers",38870,58600,34020,0.5076,0.2625,up,"volatile: likely sampling artifact, consider suppressing"
51-2021,"Coil Winders, Tapers, and Finishers",33120,42050,12840,0.2696,0.0632,up,
51-2028,"Electrical, Electronic, and Electromechanical Assemblers, Except Coil Winders, Tapers, and Finishers",30120,38380,246970,0.2742,0.0670,up,
51-2031,Engine and Other Machine Assemblers,37610,45230,34000,0.2026,0.0071,flat,
51-2041,Structural Metal Fabricators and Fitters,37180,45610,52360,0.2267,0.0273,flat,
51-2051,Fiberglass Laminators and Fabricators,30660,39430,16170,0.2860,0.0769,up,
51-2061,Timing Device Assemblers and Adjusters,32120,29040,250,-0.0959,-0.2429,down,small occupation (<5k employed)
51-2090,Miscellaneous Assemblers and Fabricators,29710,37380,1405030,0.2582,0.0536,up,
51-3011,Bakers,27660,32660,236200,0.1808,-0.0112,flat,
51-3021,Butchers and Meat Cutters,29120,35510,136430,0.2194,0.0212,flat,
51-3022,"Meat, Poultry, and Fish Cutters and Trimmers",28470,35350,145700,0.2417,0.0398,up,
51-3023,Slaughterers and Meat Packers,29090,36150,69950,0.2427,0.0406,up,
51-3091,"Food and Tobacco Roasting, Baking, and Drying Machine Operators and Tenders",29060,37540,20370,0.2918,0.0818,up,
51-3092,Food Batchmakers,29160,36350,174520,0.2466,0.0439,up,
51-3093,Food Cooking Machine Operators and Tenders,29470,36190,31250,0.2280,0.0284,flat,
51-3099,"Food Processing Workers, All Other",29210,36410,65000,0.2465,0.0438,up,
51-4021,"Extruding and Drawing Machine Setters, Operators, and Tenders, Metal and Plastic",31900,40450,60840,0.2680,0.0618,up,
51-4022,"Forging Machine Setters, Operators, and Tenders, Metal and Plastic",36750,42440,8930,0.1548,-0.0329,down,
51-4023,"Rolling Machine Setters, Operators, and Tenders, Metal and Plastic",37610,44020,25250,0.1704,-0.0199,flat,
51-4031,"Cutting, Punching, and Press Machine Setters, Operators, and Tenders, Metal and Plastic",30520,38870,171200,0.2736,0.0665,up,
51-4032,"Drilling and Boring Machine Tool Setters, Operators, and Tenders, Metal and Plastic",33980,41710,4680,0.2275,0.0279,flat,small occupation (<5k employed)
51-4033,"Grinding, Lapping, Polishing, and Buffing Machine Tool Setters, Operators, and Tenders, Metal and Plastic",30500,39390,67000,0.2915,0.0815,up,
51-4034,"Lathe and Turning Machine Tool Setters, Operators, and Tenders, Metal and Plastic",36750,43250,16710,0.1769,-0.0145,flat,
51-4035,"Milling and Planing Machine Setters, Operators, and Tenders, Metal and Plastic",37370,45210,12460,0.2098,0.0131,flat,
51-4041,Machinists,37770,47570,287050,0.2595,0.0547,up,
51-4051,Metal-Refining Furnace Operators and Tenders,37200,46080,16780,0.2387,0.0373,up,
51-4052,"Pourers and Casters, Metal",36750,45190,4560,0.2297,0.0297,flat,small occupation (<5k employed)
51-4061,"Model Makers, Metal and Plastic",43480,47360,2610,0.0892,-0.0879,down,small occupation (<5k employed)
51-4062,"Patternmakers, Metal and Plastic",37710,49070,1470,0.3012,0.0897,up,small occupation (<5k employed)
51-4071,Foundry Mold and Coremakers,30590,41870,12790,0.3687,0.1462,up,
51-4072,"Molding, Coremaking, and Casting Machine Setters, Operators, and Tenders, Metal and Plastic",29570,37270,150470,0.2604,0.0555,up,
51-4081,"Multiple Machine Tool Setters, Operators, and Tenders, Metal and Plastic",30280,39420,124590,0.3018,0.0902,up,
51-4111,Tool and Die Makers,46720,51490,56930,0.1021,-0.0771,down,
51-4121,"Welders, Cutters, Solderers, and Brazers",37860,46790,416210,0.2359,0.0349,up,
51-4122,"Welding, Soldering, and Brazing Machine Setters, Operators, and Tenders",36020,40560,31600,0.1260,-0.0571,down,
51-4191,"Heat Treating Equipment Setters, Operators, and Tenders, Metal and Plastic",31890,40660,14000,0.2750,0.0677,up,
51-4192,"Layout Workers, Metal and Plastic",39460,50910,5970,0.2902,0.0804,up,
51-4193,"Plating Machine Setters, Operators, and Tenders, Metal and Plastic",30120,37260,32410,0.2371,0.0359,up,
51-4194,"Tool Grinders, Filers, and Sharpeners",34330,40800,5600,0.1885,-0.0048,flat,
51-4199,"Metal Workers and Plastic Workers, All Other",30070,39190,15900,0.3033,0.0914,up,
51-5111,Prepress Technicians and Workers,34180,40930,23840,0.1975,0.0028,flat,
51-5112,Printing Press Operators,30160,37390,144260,0.2397,0.0381,up,
51-5113,Print Binding and Finishing Workers,29610,36910,33180,0.2465,0.0439,up,
51-6011,Laundry and Dry-Cleaning Workers,23040,30360,198040,0.3177,0.1034,up,
51-6021,"Pressers, Textile, Garment, and Related Materials",23290,29870,26120,0.2825,0.0740,up,
51-6031,Sewing Machine Operators,26120,31960,104880,0.2236,0.0246,flat,
51-6041,Shoe and Leather Workers and Repairers,28350,31270,7450,0.1030,-0.0763,down,
51-6042,Shoe Machine Operators and Tenders,23440,29090,3280,0.2410,0.0392,up,small occupation (<5k employed)
51-6051,"Sewers, Hand",26330,33330,2190,0.2659,0.0600,up,small occupation (<5k employed)
51-6052,"Tailors, Dressmakers, and Custom Sewers",27900,35230,13920,0.2627,0.0574,up,
51-6061,Textile Bleaching and Dyeing Machine Operators and Tenders,28350,35680,5310,0.2586,0.0539,up,
51-6062,"Textile Cutting Machine Setters, Operators, and Tenders",28350,34230,9000,0.2074,0.0111,flat,
51-6063,"Textile Knitting and Weaving Machine Setters, Operators, and Tenders",29030,36390,13030,0.2535,0.0497,up,
51-6064,"Textile Winding, Twisting, and Drawing Out Machine Setters, Operators, and Tenders",29020,36420,22020,0.2550,0.0509,up,
51-6091,"Extruding and Forming Machine Setters, Operators, and Tenders, Synthetic and Glass Fibers",30750,39360,12850,0.2800,0.0719,up,
51-6092,Fabric and Apparel Patternmakers,37630,42620,2950,0.1326,-0.0516,down,small occupation (<5k employed)
51-6093,Upholsterers,29750,37340,20140,0.2551,0.0510,up,
51-6099,"Textile, Apparel, and Furnishings Workers, All Other",27520,34320,13530,0.2471,0.0443,up,
51-7011,Cabinetmakers and Bench Carpenters,30070,38830,77170,0.2913,0.0814,up,
51-7021,Furniture Finishers,29610,37670,14480,0.2722,0.0653,up,
51-7031,"Model Makers, Wood",46910,37660,280,-0.1972,-0.3277,down,"volatile: likely sampling artifact, consider suppressing; small occupation (<5k employed)"
51-7032,"Patternmakers, Wood",37710,41170,220,0.0918,-0.0858,down,small occupation (<5k employed)
51-7041,"Sawing Machine Setters, Operators, and Tenders, Wood",29120,36510,40850,0.2538,0.0499,up,
51-7042,"Woodworking Machine Setters, Operators, and Tenders, Except Sawing",29390,37100,61420,0.2623,0.0571,up,
51-7099,"Woodworkers, All Other",29120,36320,5490,0.2473,0.0445,up,
51-8011,Nuclear Power Reactor Operators,98390,109440,5150,0.1123,-0.0686,down,
51-8012,Power Distributors and Dispatchers,79270,90200,8520,0.1379,-0.0471,down,
51-8013,Power Plant Operators,62890,79690,29320,0.2671,0.0611,up,
51-8021,Stationary Engineers and Boiler Operators,49760,63160,28250,0.2693,0.0629,up,
51-8031,Water and Wastewater Treatment Plant and System Operators,37720,48040,128490,0.2736,0.0665,up,
51-8091,Chemical Plant and System Operators,48920,60330,16610,0.2332,0.0327,up,
51-8092,Gas Plant Operators,61410,76870,18030,0.2518,0.0482,up,
51-8093,"Petroleum Pump System Operators, Refinery Operators, and Gaugers",64350,77510,33160,0.2045,0.0087,flat,
51-8099,"Plant and System Operators, All Other",38070,48900,14080,0.2845,0.0756,up,
51-9011,Chemical Equipment Operators and Tenders,37610,45970,139630,0.2223,0.0235,flat,
51-9012,"Separating, Filtering, Clarifying, Precipitating, and Still Machine Setters, Operators, and Tenders",36750,44410,60100,0.2084,0.0119,flat,
51-9021,"Crushing, Grinding, and Polishing Machine Setters, Operators, and Tenders",33240,40430,26000,0.2163,0.0185,flat,
51-9022,"Grinding and Polishing Workers, Hand",29750,37450,10510,0.2588,0.0541,up,
51-9023,"Mixing and Blending Machine Setters, Operators, and Tenders",34090,42850,94920,0.2570,0.0526,up,
51-9031,"Cutters and Trimmers, Hand",28100,34050,6060,0.2117,0.0147,flat,
51-9032,"Cutting and Slicing Machine Setters, Operators, and Tenders",31310,39440,44980,0.2597,0.0548,up,
51-9041,"Extruding, Forming, Pressing, and Compacting Machine Setters, Operators, and Tenders",30280,38360,58770,0.2668,0.0609,up,
51-9051,"Furnace, Kiln, Oven, Drier, and Kettle Operators and Tenders",36070,41130,14280,0.1403,-0.0451,down,
51-9061,"Inspectors, Testers, Sorters, Samplers, and Weighers",31540,39890,597370,0.2647,0.0591,up,
51-9071,Jewelers and Precious Stone and Metal Workers,35490,39520,22440,0.1136,-0.0675,down,
51-9081,Dental Laboratory Technicians,36160,40420,34410,0.1178,-0.0639,down,
51-9082,Medical Appliance Technicians,35940,42210,11280,0.1745,-0.0165,flat,
51-9083,Ophthalmic Laboratory Technicians,30010,36470,18660,0.2153,0.0177,flat,
51-9111,Packaging and Filling Machine Operators and Tenders,29250,36850,379060,0.2598,0.0550,up,
51-9123,"Painting, Coating, and Decorating Workers",30010,37030,7940,0.2339,0.0333,up,
51-9124,"Coating, Painting, and Spraying Machine Setters, Operators, and Tenders",35430,40590,158740,0.1456,-0.0406,down,
51-9141,Semiconductor Processing Technicians,36100,45640,31460,0.2643,0.0587,up,
51-9151,Photographic Process Workers and Processing Machine Operators,29690,35170,4800,0.1846,-0.0080,flat,small occupation (<5k employed)
51-9161,Computer Numerically Controlled Tool Operators,37510,44930,169450,0.1978,0.0031,flat,
51-9162,Computer Numerically Controlled Tool Programmers,48160,58270,28500,0.2099,0.0132,flat,
51-9191,Adhesive Bonding Machine Operators and Tenders,29820,37220,11500,0.2482,0.0452,up,
51-9192,"Cleaning, Washing, and Metal Pickling Equipment Operators and Tenders",29250,37310,14760,0.2756,0.0682,up,
51-9193,Cooling and Freezing Equipment Operators and Tenders,35150,36380,6900,0.0350,-0.1333,down,
51-9194,Etchers and Engravers,29460,37400,7750,0.2695,0.0631,up,
51-9195,"Molders, Shapers, and Casters, Except Metal and Plastic",30270,39280,33190,0.2977,0.0867,up,
51-9196,"Paper Goods Machine Setters, Operators, and Tenders",36390,44920,96130,0.2344,0.0337,up,
51-9197,Tire Builders,37630,47900,20770,0.2729,0.0659,up,
51-9198,Helpers--Production Workers,28260,35220,165700,0.2463,0.0436,up,
51-9199,"Production Workers, All Other",28840,36030,251700,0.2493,0.0462,up,
53-1041,Aircraft Cargo Handling Supervisors,48180,49820,9760,0.0340,-0.1341,down,
53-1047,"First-Line Supervisors of Transportation and Material Moving Workers, Except Aircraft Cargo Handling Supervisors",42640,50070,623640,0.1742,-0.0167,flat,
53-2011,"Airline Pilots, Copilots, and Flight Engineers",126470,182280,103560,0.4413,0.2069,up,
53-2012,Commercial Pilots,75370,84540,47630,0.1217,-0.0607,down,
53-2021,Air Traffic Controllers,90330,104520,22510,0.1571,-0.0311,down,
53-2022,Airfield Operations Specialists,37990,42000,15190,0.1056,-0.0742,down,
53-2031,Flight Attendants,48780,51760,131650,0.0611,-0.1114,down,
53-3011,"Ambulance Drivers and Attendants, Except Emergency Medical Technicians",24320,30750,12630,0.2644,0.0588,up,
53-3031,Driver/Sales Workers,22570,30200,409180,0.3381,0.1205,up,
53-3032,Heavy and Tractor-Trailer Truck Drivers,38570,47960,2062040,0.2435,0.0413,up,
53-3033,Light Truck Drivers,30350,37270,983300,0.2280,0.0283,flat,
53-3051,"Bus Drivers, School",29490,38650,402930,0.3106,0.0975,up,
53-3052,"Bus Drivers, Transit and Intercity",38080,47530,159240,0.2482,0.0452,up,
53-3053,Shuttle Drivers and Chauffeurs,26420,32710,248530,0.2381,0.0368,up,
53-3054,Taxi Drivers,23950,37790,41050,0.5779,0.3213,up,"volatile: likely sampling artifact, consider suppressing"
53-3099,"Motor Vehicle Operators, All Other",24710,31220,46880,0.2635,0.0580,up,
53-4011,Locomotive Engineers,62410,75190,33470,0.2048,0.0089,flat,
53-4013,"Rail Yard Engineers, Dinkey Operators, and Hostlers",47350,52780,3920,0.1147,-0.0666,down,small occupation (<5k employed)
53-4022,"Railroad Brake, Signal, and Switch Operators and Locomotive Firers",60620,57820,12400,-0.0462,-0.2013,down,
53-4031,Railroad Conductors and Yardmasters,61220,65610,46440,0.0717,-0.1026,down,
53-4041,Subway and Streetcar Operators,61000,61980,10200,0.0161,-0.1491,down,
53-4099,"Rail Transportation Workers, All Other",38400,47570,1120,0.2388,0.0374,up,small occupation (<5k employed)
53-5011,Sailors and Marine Oilers,35380,41430,31670,0.1710,-0.0194,flat,
53-5021,"Captains, Mates, and Pilots of Water Vessels",59400,63880,36850,0.0754,-0.0994,down,
53-5022,Motorboat Operators,32620,42760,2480,0.3109,0.0977,up,small occupation (<5k employed)
53-5031,Ship Engineers,64330,82130,8400,0.2767,0.0691,up,
53-6011,Bridge and Lock Tenders,28690,38640,3040,0.3468,0.1278,up,small occupation (<5k employed)
53-6021,Parking Attendants,23410,29960,137880,0.2798,0.0717,up,
53-6031,Automotive and Watercraft Service Attendants,24960,31300,102010,0.2540,0.0501,up,
53-6032,Aircraft Service Attendants,29990,35740,31300,0.1917,-0.0020,flat,
53-6041,Traffic Technicians,38500,46440,7860,0.2062,0.0101,flat,
53-6051,Transportation Inspectors,50780,58780,24500,0.1575,-0.0307,down,
53-6061,Passenger Attendants,29210,31240,27110,0.0695,-0.1044,down,
53-6099,"Transportation Workers, All Other",29520,38240,13550,0.2954,0.0848,up,
53-7011,Conveyor Operators and Tenders,29650,38180,22930,0.2877,0.0783,up,
53-7021,Crane and Tower Operators,48140,52600,42890,0.0926,-0.0850,down,
53-7031,Dredge Operators,38250,46430,1040,0.2139,0.0165,flat,small occupation (<5k employed)
53-7041,Hoist and Winch Operators,37820,42690,2600,0.1288,-0.0548,down,small occupation (<5k employed)
53-7051,Industrial Truck and Tractor Operators,36000,40030,774420,0.1119,-0.0689,down,
53-7061,Cleaners of Vehicles and Equipment,24180,30420,380430,0.2581,0.0535,up,
53-7062,"Laborers and Freight, Stock, and Material Movers, Hand",29240,36090,2950280,0.2343,0.0336,up,
53-7063,Machine Feeders and Offbearers,29920,36420,42330,0.2172,0.0193,flat,
53-7064,"Packers and Packagers, Hand",26090,32220,559820,0.2350,0.0342,up,
53-7065,Stockers and Order Fillers,28350,34450,2833810,0.2152,0.0176,flat,
53-7071,Gas Compressor and Gas Pumping Station Operators,49400,58580,3510,0.1858,-0.0070,flat,small occupation (<5k employed)
53-7072,"Pump Operators, Except Wellhead Pumpers",38830,47560,9780,0.2248,0.0257,flat,
53-7073,Wellhead Pumpers,49790,52330,17990,0.0510,-0.1199,down,
53-7081,Refuse and Recyclable Material Collectors,30270,39080,147240,0.2910,0.0811,up,
53-7121,"Tank Car, Truck, and Ship Loaders",38570,46300,10700,0.2004,0.0052,flat,
53-7199,"Material Moving Workers, All Other",29960,36600,23480,0.2216,0.0230,flat,
