cip_code,major,cip_family,traditional_entry_point,traditional_entry_median_wage_usd,new_entry_point_1,new_entry_point_2,new_entry_point_3,new_entry_wage_low_usd,new_entry_wage_high_usd,wage_lift_at_midpoint_usd,wage_source
51.1801,Opticianry/Ophthalmic Dispensing Optician,Health Professions,Retail optical dispenser,45000,Virtual try-on fit specialist,Vision benefits and claims analyst,Ophthalmic device field trainer,55000,80000,22500,"Traditional wage: approximate BLS OEWS national median. New entry range: market estimate, first two years. Replace with OEWS join."
51.1802,Optometric Technician/Assistant,Health Professions,Clinic optometric assistant,44000,Teleoptometry imaging technician,Myopia control program coordinator,Eye screening AI QA technician,52000,75000,19500,"Traditional wage: approximate BLS OEWS national median. New entry range: market estimate, first two years. Replace with OEWS join."
51.1803,Ophthalmic Technician/Technologist,Health Professions,Hospital ophthalmic technician,50000,Retinal imaging AI validation technician,Ophthalmic trial imaging coordinator,Surgical laser application specialist,65000,95000,30000,"Traditional wage: approximate BLS OEWS national median. New entry range: market estimate, first two years. Replace with OEWS join."
51.1804,Orthoptics/Orthoptist,Health Professions,Pediatric clinic orthoptist,70000,Vision therapy telehealth clinician,Neuro-ophthalmic trial assessor,Digital vision therapy content designer,80000,110000,25000,"Traditional wage: approximate BLS OEWS national median. New entry range: market estimate, first two years. Replace with OEWS join."
51.2001,Pharmacy,Health Professions,Retail community pharmacist,137000,Clinical informatics pharmacist,Medication AI safety reviewer,Value-based medication therapy lead,130000,165000,10500,"Traditional wage: approximate BLS OEWS national median. New entry range: market estimate, first two years. Replace with OEWS join."
51.2002,Pharmacy Administration and Pharmacy Policy and Regulatory Affairs,Health Professions,Hospital pharmacy manager,130000,Drug pricing and 340B analyst,Payer formulary strategy analyst,Pharmacy compliance and audit lead,110000,160000,5000,"Traditional wage: approximate BLS OEWS national median. New entry range: market estimate, first two years. Replace with OEWS join."
51.2003,Pharmaceutics and Drug Design,Health Professions,Formulation scientist,95000,Computational formulation modeler,AI molecule screening associate,CDMO tech transfer engineer,100000,140000,25000,"Traditional wage: approximate BLS OEWS national median. New entry range: market estimate, first two years. Replace with OEWS join."
51.2004,Medicinal and Pharmaceutical Chemistry,Health Professions,Medicinal chemistry lab associate,78000,Cheminformatics associate,Generative chemistry model evaluator,Peptide and ADC process chemist,90000,135000,34500,"Traditional wage: approximate BLS OEWS national median. New entry range: market estimate, first two years. Replace with OEWS join."
51.2005,Natural Products Chemistry and Pharmacognosy,Health Professions,Natural products research assistant,65000,Botanical supplement regulatory analyst,Biosynthesis and fermentation associate,Sustainable ingredient sourcing analyst,72000,105000,23500,"Traditional wage: approximate BLS OEWS national median. New entry range: market estimate, first two years. Replace with OEWS join."
51.2006,Clinical and Industrial Drug Development,Health Professions,CRO clinical research associate,82000,Decentralized trial operations lead,Trial data quality monitoring analyst,Real-world evidence associate,90000,130000,28000,"Traditional wage: approximate BLS OEWS national median. New entry range: market estimate, first two years. Replace with OEWS join."
51.2007,Pharmacoeconomics/Pharmaceutical Economics,Health Professions,HEOR analyst,90000,Payer value dossier modeler,Outcomes-based contract analyst,Health economics simulation engineer,100000,145000,32500,"Traditional wage: approximate BLS OEWS national median. New entry range: market estimate, first two years. Replace with OEWS join."
51.2008,"Clinical, Hospital, and Managed Care Pharmacy",Health Professions,Hospital staff pharmacist,132000,Remote utilization management pharmacist,Specialty pharmacy program lead,Benefit review clinical pharmacist,130000,160000,13000,"Traditional wage: approximate BLS OEWS national median. New entry range: market estimate, first two years. Replace with OEWS join."
51.2009,Industrial and Physical Pharmacy and Cosmetic Sciences,Health Professions,Manufacturing pharmacist,90000,Continuous manufacturing process engineer,Cosmetic claims and safety analyst,Sterile fill-finish automation technician,85000,125000,15000,"Traditional wage: approximate BLS OEWS national median. New entry range: market estimate, first two years. Replace with OEWS join."
51.2010,Pharmaceutical Sciences,Health Professions,Bench research associate,72000,Translational biomarker associate,Lab automation scientist,Regulatory CMC associate,85000,125000,33000,"Traditional wage: approximate BLS OEWS national median. New entry range: market estimate, first two years. Replace with OEWS join."
51.2011,Pharmaceutical Marketing and Management,Health Professions,Pharmaceutical sales representative,90000,Omnichannel HCP marketing analyst,Market access and patient services lead,Medical content compliance reviewer,95000,135000,25000,"Traditional wage: approximate BLS OEWS national median. New entry range: market estimate, first two years. Replace with OEWS join."
51.2099,"Pharmacy, Pharmaceutical Sciences, and Administration, Other",Health Professions,Pharmacy operations associate,70000,Pharmacy automation implementation analyst,Drug supply chain risk analyst,Digital therapeutics program coordinator,80000,115000,27500,"Traditional wage: approximate BLS OEWS national median. New entry range: market estimate, first two years. Replace with OEWS join."
51.2201,"Public Health, General",Health Professions,Health department program assistant,55000,Population health data analyst,Health equity program evaluator,Outbreak intelligence analyst,72000,110000,36000,"Traditional wage: approximate BLS OEWS national median. New entry range: market estimate, first two years. Replace with OEWS join."
51.2202,Environmental Health,Health Professions,County environmental health inspector,62000,ESG and site risk analyst,Climate and heat resilience planner,Indoor air quality data specialist,75000,115000,33000,"Traditional wage: approximate BLS OEWS national median. New entry range: market estimate, first two years. Replace with OEWS join."
51.2205,Health/Medical  Physics,Health Professions,Hospital medical physics assistant,95000,Radiotherapy AI planning specialist,Imaging QA automation physicist,Radiopharmaceutical dosimetry analyst,110000,160000,40000,"Traditional wage: approximate BLS OEWS national median. New entry range: market estimate, first two years. Replace with OEWS join."
51.2206,Occupational Health and Industrial Hygiene,Health Professions,Plant industrial hygienist,85000,Warehouse robotics ergonomics analyst,Semiconductor fab exposure specialist,EHS sensor and data analyst,90000,130000,25000,"Traditional wage: approximate BLS OEWS national median. New entry range: market estimate, first two years. Replace with OEWS join."
51.2207,Public Health Education and Promotion,Health Professions,Community health educator,55000,Digital behavior change content designer,Member engagement program analyst,Trial recruitment outreach lead,68000,100000,29000,"Traditional wage: approximate BLS OEWS national median. New entry range: market estimate, first two years. Replace with OEWS join."
51.2208,Community Health and Preventive Medicine,Health Professions,Community program coordinator,55000,Value-based care population manager,Social needs referral platform analyst,Preventive care campaign analyst,70000,105000,32500,"Traditional wage: approximate BLS OEWS national median. New entry range: market estimate, first two years. Replace with OEWS join."
51.2209,Maternal and Child Health,Health Professions,MCH program coordinator,58000,Maternal telehealth program manager,Doula benefit network lead,Perinatal quality data analyst,72000,105000,30500,"Traditional wage: approximate BLS OEWS national median. New entry range: market estimate, first two years. Replace with OEWS join."
51.2210,International Public Health/International Health,Health Professions,NGO field program officer,55000,Global health monitoring and evaluation analyst,Pandemic preparedness policy analyst,Global market access analyst,70000,110000,35000,"Traditional wage: approximate BLS OEWS national median. New entry range: market estimate, first two years. Replace with OEWS join."
51.2211,Health Services Administration,Health Professions,Hospital administrative fellow,68000,Revenue cycle automation analyst,Care operations product analyst,Provider network strategy analyst,80000,120000,32000,"Traditional wage: approximate BLS OEWS national median. New entry range: market estimate, first two years. Replace with OEWS join."
51.2212,Behavioral Aspects of Health,Health Professions,Behavioral research assistant,52000,Digital behavior change UX researcher,Medication adherence program analyst,Behavioral experiment analyst,78000,115000,44500,"Traditional wage: approximate BLS OEWS national median. New entry range: market estimate, first two years. Replace with OEWS join."
51.2213,Patient Safety and Healthcare Quality,Health Professions,Hospital quality improvement coordinator,70000,Clinical AI safety monitoring analyst,Safety event data scientist,Accreditation automation lead,85000,125000,35000,"Traditional wage: approximate BLS OEWS national median. New entry range: market estimate, first two years. Replace with OEWS join."
51.2214,Public Health Genetics,Health Professions,Genetics program coordinator,65000,Newborn screening data analyst,Population genomics program manager,Genetic privacy policy analyst,80000,120000,35000,"Traditional wage: approximate BLS OEWS national median. New entry range: market estimate, first two years. Replace with OEWS join."
51.2299,"Public Health, Other",Health Professions,Public health program assistant,52000,Health policy data analyst,Grants and impact measurement analyst,Digital public health product associate,68000,100000,32000,"Traditional wage: approximate BLS OEWS national median. New entry range: market estimate, first two years. Replace with OEWS join."
51.2300,"Rehabilitation and Therapeutic Professions, General",Health Professions,Rehabilitation clinic aide,42000,Remote therapy program coordinator,Rehab outcomes data analyst,Wearable recovery program specialist,60000,90000,33000,"Traditional wage: approximate BLS OEWS national median. New entry range: market estimate, first two years. Replace with OEWS join."
51.2301,Art Therapy/Therapist,Health Professions,Inpatient art therapist,58000,Digital mental health creative lead,Employer wellbeing facilitator,Trauma-informed VR therapy designer,68000,100000,26000,"Traditional wage: approximate BLS OEWS national median. New entry range: market estimate, first two years. Replace with OEWS join."
51.2302,Dance Therapy/Therapist,Health Professions,Clinic dance and movement therapist,56000,Neuro-rehab movement program designer,Virtual mobility coach for aging in place,Movement content lead for health apps,65000,95000,24000,"Traditional wage: approximate BLS OEWS national median. New entry range: market estimate, first two years. Replace with OEWS join."
51.2305,Music Therapy/Therapist,Health Professions,Hospital music therapist,58000,Neurologic music therapist in dementia care,Audio wellbeing content designer,District behavioral support specialist,65000,95000,22000,"Traditional wage: approximate BLS OEWS national median. New entry range: market estimate, first two years. Replace with OEWS join."
51.2306,Occupational Therapy/Therapist,Health Professions,Hospital or skilled nursing occupational therapist,96000,Home-based OT with remote monitoring,Assistive technology and accessibility consultant,Employer return-to-work OT,100000,135000,21500,"Traditional wage: approximate BLS OEWS national median. New entry range: market estimate, first two years. Replace with OEWS join."
51.2307,Orthotist/Prosthetist,Health Professions,Clinic orthotist,82000,3D printed device design technician,Bionic device clinical specialist,Digital scanning and fabrication lead,90000,130000,28000,"Traditional wage: approximate BLS OEWS national median. New entry range: market estimate, first two years. Replace with OEWS join."
51.2308,Physical Therapy/Therapist,Health Professions,Outpatient physical therapist,100000,Hybrid virtual musculoskeletal clinician,Sports technology biomechanics specialist,Payer MSK program clinical lead,105000,140000,22500,"Traditional wage: approximate BLS OEWS national median. New entry range: market estimate, first two years. Replace with OEWS join."
51.2309,Therapeutic Recreation/Recreational Therapy,Health Professions,Long-term care recreation therapist,58000,Senior living engagement program manager,Adaptive sports program lead,Behavioral health milieu designer,62000,90000,18000,"Traditional wage: approximate BLS OEWS national median. New entry range: market estimate, first two years. Replace with OEWS join."
51.2310,Vocational Rehabilitation Counseling/Counselor,Health Professions,State vocational rehabilitation counselor,60000,Disability inclusion workplace consultant,Insurer return-to-work case analyst,Accessible job matching product specialist,72000,105000,28500,"Traditional wage: approximate BLS OEWS national median. New entry range: market estimate, first two years. Replace with OEWS join."
51.2311,Kinesiotherapy/Kinesiotherapist,Health Professions,VA kinesiotherapist,62000,Remote cardiac and pulmonary rehab coach,Exercise oncology program lead,Human performance lab technologist,70000,100000,23000,"Traditional wage: approximate BLS OEWS national median. New entry range: market estimate, first two years. Replace with OEWS join."
51.2312,Assistive/Augmentative Technology and Rehabilitation Engineering,Health Professions,Hospital rehabilitation engineer,78000,Accessibility engineer for consumer software,AAC device product specialist,Exoskeleton clinical applications engineer,95000,140000,39500,"Traditional wage: approximate BLS OEWS national median. New entry range: market estimate, first two years. Replace with OEWS join."
51.2313,Animal-Assisted Therapy,Health Professions,Facility therapy animal handler,45000,Hospital animal-assisted care program manager,Veterinary behavior and welfare specialist,Wellbeing vendor program lead,55000,85000,25000,"Traditional wage: approximate BLS OEWS national median. New entry range: market estimate, first two years. Replace with OEWS join."
51.2314,Rehabilitation Science,Health Professions,Rehabilitation research coordinator,60000,Digital MSK outcomes analyst,Medical device clinical research associate,Recovery data product analyst,78000,115000,36500,"Traditional wage: approximate BLS OEWS national median. New entry range: market estimate, first two years. Replace with OEWS join."
51.2315,Drama Therapy/Therapist,Health Professions,Clinical drama therapist,56000,Simulated patient program lead,Behavioral health training designer,Narrative therapy content lead,62000,92000,21000,"Traditional wage: approximate BLS OEWS national median. New entry range: market estimate, first two years. Replace with OEWS join."
51.2316,Horticulture Therapy/Therapist,Health Professions,Garden therapy program lead,45000,Memory care garden program manager,Healing environment consultant,Workplace biophilic design specialist,55000,85000,25000,"Traditional wage: approximate BLS OEWS national median. New entry range: market estimate, first two years. Replace with OEWS join."
51.2317,Play Therapy/Therapist,Health Professions,Child clinic play therapist,60000,Pediatric teletherapy clinician,School crisis and behavior support lead,Child mental health app clinical designer,68000,100000,24000,"Traditional wage: approximate BLS OEWS national median. New entry range: market estimate, first two years. Replace with OEWS join."
51.2399,"Rehabilitation and Therapeutic Professions, Other",Health Professions,Rehabilitation program assistant,48000,Care navigation specialist,Remote therapeutic monitoring coordinator,Digital health clinical operations analyst,62000,95000,30500,"Traditional wage: approximate BLS OEWS national median. New entry range: market estimate, first two years. Replace with OEWS join."
51.2601,Health Aide,Health Professions,Home health aide,36000,Remote patient monitoring technician,Community health worker in value-based care,Care coordination assistant,45000,65000,19000,"Traditional wage: approximate BLS OEWS national median. New entry range: market estimate, first two years. Replace with OEWS join."
51.2603,Medication Aide,Health Professions,Long-term care medication aide,38000,Medication adherence coordinator,Pharmacy automation operator,Clinical trial site assistant,45000,68000,18500,"Traditional wage: approximate BLS OEWS national median. New entry range: market estimate, first two years. Replace with OEWS join."
51.2604,Rehabilitation Aide,Health Professions,Clinic rehabilitation aide,36000,Remote therapy program assistant,Rehab outcomes data clerk,Adaptive fitness coach,44000,65000,18500,"Traditional wage: approximate BLS OEWS national median. New entry range: market estimate, first two years. Replace with OEWS join."
51.2605,Physical Therapy Technician/Aide,Health Professions,Outpatient physical therapy aide,37000,Virtual MSK care coach,Sports performance technician,Clinic operations coordinator,45000,70000,20500,"Traditional wage: approximate BLS OEWS national median. New entry range: market estimate, first two years. Replace with OEWS join."
51.2703,Medical Illustration/Medical Illustrator,Health Professions,Academic medical illustrator,72000,3D surgical animation artist,AR and VR medical training asset designer,Pharma scientific visualization lead,85000,130000,35500,"Traditional wage: approximate BLS OEWS national median. New entry range: market estimate, first two years. Replace with OEWS join."
51.2706,Medical Informatics,Health Professions,Hospital clinical systems analyst,88000,Clinical AI implementation analyst,FHIR interoperability engineer,Health data platform product analyst,105000,160000,44500,"Traditional wage: approximate BLS OEWS national median. New entry range: market estimate, first two years. Replace with OEWS join."
51.3101,Dietetics/Dietitian,Health Professions,Hospital clinical dietitian,70000,Telehealth nutrition clinician,Food as medicine program lead,Metabolic health app clinical lead,78000,115000,26500,"Traditional wage: approximate BLS OEWS national median. New entry range: market estimate, first two years. Replace with OEWS join."
51.3102,Clinical Nutrition/Nutritionist,Health Professions,Clinical nutritionist,68000,GLP-1 care program dietitian,Continuous glucose coaching lead,Nutrition science content reviewer,78000,115000,28500,"Traditional wage: approximate BLS OEWS national median. New entry range: market estimate, first two years. Replace with OEWS join."
51.3103,Dietetic Technician,Health Professions,Foodservice dietetic technician,42000,Digital health nutrition program coordinator,Menu and food service data analyst,Community food access coordinator,52000,75000,21500,"Traditional wage: approximate BLS OEWS national median. New entry range: market estimate, first two years. Replace with OEWS join."
51.3104,Dietitian Assistant,Health Professions,Clinic dietitian assistant,40000,Member nutrition support specialist,Clinical trial diet coordinator,Health coaching operations associate,48000,72000,20000,"Traditional wage: approximate BLS OEWS national median. New entry range: market estimate, first two years. Replace with OEWS join."
51.3199,"Dietetics and Clinical Nutrition Services, Other",Health Professions,Nutrition program assistant,45000,Nutrition data analyst,Supplement claims and regulatory analyst,Corporate wellbeing nutrition lead,60000,90000,30000,"Traditional wage: approximate BLS OEWS national median. New entry range: market estimate, first two years. Replace with OEWS join."
51.3201,Bioethics/Medical Ethics,Health Professions,Hospital ethics committee coordinator,65000,Clinical AI ethics reviewer,Research compliance and IRB analyst,Health data governance lead,85000,130000,42500,"Traditional wage: approximate BLS OEWS national median. New entry range: market estimate, first two years. Replace with OEWS join."
51.3202,Health Professions Education,Health Professions,Health school program coordinator,58000,Clinical simulation designer,Digital competency assessment lead,Workforce learning analytics analyst,72000,110000,33000,"Traditional wage: approximate BLS OEWS national median. New entry range: market estimate, first two years. Replace with OEWS join."
51.3203,Nursing Education,Health Professions,Nursing school clinical instructor,82000,Virtual clinical simulation lead,Health system upskilling designer,Nursing content lead at an education company,90000,125000,25500,"Traditional wage: approximate BLS OEWS national median. New entry range: market estimate, first two years. Replace with OEWS join."
51.3204,Medical/Health Humanities,Health Professions,Academic program assistant,48000,Patient experience content strategist,Health misinformation analyst,Narrative medicine program lead,65000,100000,34500,"Traditional wage: approximate BLS OEWS national median. New entry range: market estimate, first two years. Replace with OEWS join."
51.3205,History of Medicine,Health Professions,Archive or museum assistant,52000,Medical archive digitization lead,Scientific integrity researcher,Health policy briefing writer,65000,100000,30500,"Traditional wage: approximate BLS OEWS national median. New entry range: market estimate, first two years. Replace with OEWS join."
51.3206,Arts in Medicine/Health,Health Professions,Hospital arts program coordinator,50000,Patient experience design lead,Healing environment consultant,Arts and health grants manager,60000,92000,26000,"Traditional wage: approximate BLS OEWS national median. New entry range: market estimate, first two years. Replace with OEWS join."
51.3299,"Health Professions Education, Ethics, and Humanities, Other",Health Professions,Curriculum assistant,50000,Continuing education program manager,Credentialing platform analyst,Clinical content operations lead,65000,100000,32500,"Traditional wage: approximate BLS OEWS national median. New entry range: market estimate, first two years. Replace with OEWS join."
51.3300,"Alternative and Complementary Medicine and Medical Systems, General",Health Professions,Integrative clinic practitioner,55000,Health system integrative care coordinator,Wellness benefit network manager,Clinical content reviewer for wellness platforms,62000,95000,23500,"Traditional wage: approximate BLS OEWS national median. New entry range: market estimate, first two years. Replace with OEWS join."
51.3301,Acupuncture and Oriental Medicine,Health Professions,Private acupuncture practice,60000,Insurance-covered pain program clinician,VA and hospital integrative pain specialist,Employer wellbeing clinical partner,65000,100000,22500,"Traditional wage: approximate BLS OEWS national median. New entry range: market estimate, first two years. Replace with OEWS join."
51.3302,Traditional Chinese Medicine and Chinese Herbology,Health Professions,Herbal dispensary practitioner,55000,Botanical formulation consultant,Supplement quality and claims analyst,Integrative oncology support clinician,62000,95000,23500,"Traditional wage: approximate BLS OEWS national median. New entry range: market estimate, first two years. Replace with OEWS join."
51.3303,Naturopathic Medicine/Naturopathy,Health Professions,Naturopathic private practice,75000,Longevity clinic clinician,Telehealth chronic care naturopath,Clinical advisor at a supplement brand,80000,125000,27500,"Traditional wage: approximate BLS OEWS national median. New entry range: market estimate, first two years. Replace with OEWS join."
51.3304,Homeopathic Medicine/Homeopathy,Health Professions,Homeopathy private practice,48000,Wellness product compliance specialist,Health coaching program lead,Consumer health content reviewer,55000,85000,22000,"Traditional wage: approximate BLS OEWS national median. New entry range: market estimate, first two years. Replace with OEWS join."
51.3305,Ayurvedic Medicine/Ayurveda,Health Professions,Ayurveda practitioner,50000,Integrative wellness program designer,Hospitality wellbeing lead,Herbal product formulation advisor,58000,90000,24000,"Traditional wage: approximate BLS OEWS national median. New entry range: market estimate, first two years. Replace with OEWS join."
51.3306,Holistic/Integrative Health,Health Professions,Wellness center practitioner,50000,Employer wellbeing program manager,Digital wellbeing coaching lead,Integrative care navigator,62000,95000,28500,"Traditional wage: approximate BLS OEWS national median. New entry range: market estimate, first two years. Replace with OEWS join."
51.3399,"Alternative and Complementary Medicine and Medical Systems, Other",Health Professions,Integrative clinic assistant,45000,Wellness platform operations lead,Practitioner network manager,Clinical quality reviewer,58000,88000,28000,"Traditional wage: approximate BLS OEWS national median. New entry range: market estimate, first two years. Replace with OEWS join."
51.3401,Direct Entry Midwifery,Health Professions,Home birth midwife,62000,Birth center clinical lead,Maternal telehealth clinician,Midwife network operations lead,70000,110000,28000,"Traditional wage: approximate BLS OEWS national median. New entry range: market estimate, first two years. Replace with OEWS join."
51.3499,"Alternative and Complementary Medical Support Services, Other",Health Professions,Clinic support practitioner,42000,Care navigation specialist,Practitioner credentialing coordinator,Community birth program coordinator,55000,82000,26500,"Traditional wage: approximate BLS OEWS national median. New entry range: market estimate, first two years. Replace with OEWS join."
51.3501,Massage Therapy/Therapeutic Massage,Health Professions,Spa or clinic massage therapist,55000,Clinical MSK therapist in a PT practice,Sports recovery therapist,Covered pain program provider,60000,95000,22500,"Traditional wage: approximate BLS OEWS national median. New entry range: market estimate, first two years. Replace with OEWS join."
51.3502,Asian Bodywork Therapy,Health Professions,Bodywork private practice,50000,Integrative pain clinic practitioner,Onsite corporate wellbeing therapist,Recovery studio program lead,58000,88000,23000,"Traditional wage: approximate BLS OEWS national median. New entry range: market estimate, first two years. Replace with OEWS join."
51.3503,Somatic Bodywork,Health Professions,Somatic private practice,52000,Trauma-informed somatic clinician,Somatic content lead for mental health apps,Recovery program designer,60000,95000,25500,"Traditional wage: approximate BLS OEWS national median. New entry range: market estimate, first two years. Replace with OEWS join."
51.3599,"Somatic Bodywork and Related Therapeutic Services, Other",Health Professions,Bodywork practitioner,48000,Recovery studio manager,Wellbeing benefit vendor lead,Practitioner training designer,55000,85000,22000,"Traditional wage: approximate BLS OEWS national median. New entry range: market estimate, first two years. Replace with OEWS join."
51.3601,Movement Therapy and Movement Education,Health Professions,Studio movement educator,48000,Clinical movement specialist in MSK care,Workplace ergonomics coach,Movement program designer for digital health,58000,92000,27000,"Traditional wage: approximate BLS OEWS national median. New entry range: market estimate, first two years. Replace with OEWS join."
51.3602,Yoga Teacher Training/Yoga Therapy,Health Professions,Studio yoga instructor,45000,Clinical yoga therapist in pain or oncology care,Corporate wellbeing program lead,Fitness platform program designer,55000,90000,27500,"Traditional wage: approximate BLS OEWS national median. New entry range: market estimate, first two years. Replace with OEWS join."
51.3603,Hypnotherapy/Hypnotherapist,Health Professions,Private hypnotherapy practice,50000,Behavioral health adjunct clinician,Habit change program lead,Clinical content designer for behavior apps,58000,90000,24000,"Traditional wage: approximate BLS OEWS national median. New entry range: market estimate, first two years. Replace with OEWS join."
51.3701,Aromatherapy,Health Professions,Retail or spa aromatherapist,40000,Product formulation and claims specialist,Hospice comfort care program lead,Fragrance ingredient regulatory analyst,52000,85000,28500,"Traditional wage: approximate BLS OEWS national median. New entry range: market estimate, first two years. Replace with OEWS join."
51.3702,Herbalism/Herbalist,Health Professions,Herbal shop practitioner,42000,Botanical sourcing and quality analyst,Supplement product development associate,Label compliance specialist,55000,90000,30500,"Traditional wage: approximate BLS OEWS national median. New entry range: market estimate, first two years. Replace with OEWS join."
51.3703,Polarity Therapy,Health Professions,Private polarity practice,45000,Integrative care program coordinator,Practitioner network lead,Practitioner education designer,52000,82000,22000,"Traditional wage: approximate BLS OEWS national median. New entry range: market estimate, first two years. Replace with OEWS join."
51.3704,Reiki,Health Professions,Independent reiki practitioner,38000,Hospital integrative volunteer program manager,Hospice comfort care coordinator,Wellbeing vendor account lead,48000,78000,25000,"Traditional wage: approximate BLS OEWS national median. New entry range: market estimate, first two years. Replace with OEWS join."
51.3799,"Energy and Biologically Based Therapies, Other",Health Professions,Independent practitioner,40000,Integrative program coordinator,Practitioner operations associate,Community wellbeing program lead,50000,80000,25000,"Traditional wage: approximate BLS OEWS national median. New entry range: market estimate, first two years. Replace with OEWS join."
51.3801,Registered Nursing/Registered Nurse,Health Professions,Hospital staff nurse,94000,Clinical informatics nurse,Remote utilization review nurse,Clinical trial research nurse,85000,125000,11000,"Traditional wage: approximate BLS OEWS national median. New entry range: market estimate, first two years. Replace with OEWS join."
51.3802,Nursing Administration,Health Professions,Hospital nurse manager,110000,Workforce and staffing analytics lead,Virtual care operations director,Clinical AI deployment lead,115000,160000,27500,"Traditional wage: approximate BLS OEWS national median. New entry range: market estimate, first two years. Replace with OEWS join."
51.3803,Adult Health Nurse/Nursing,Health Professions,Medical-surgical staff nurse,92000,Chronic care virtual nurse,Payer care management nurse,Ambulatory complex care lead,88000,125000,14500,"Traditional wage: approximate BLS OEWS national median. New entry range: market estimate, first two years. Replace with OEWS join."
51.3804,Nurse Anesthetist,Health Professions,Hospital nurse anesthetist,214000,Ambulatory surgery center CRNA,Locum and travel CRNA,Anesthesia group operations lead,200000,260000,16000,"Traditional wage: approximate BLS OEWS national median. New entry range: market estimate, first two years. Replace with OEWS join."
51.3805,Family Practice Nurse/Nursing,Health Professions,Primary care nurse practitioner,129000,Telehealth primary care NP,Employer and retail clinic NP,Value-based care panel lead,125000,165000,16000,"Traditional wage: approximate BLS OEWS national median. New entry range: market estimate, first two years. Replace with OEWS join."
51.3806,Maternal/Child Health and Neonatal Nurse/Nursing,Health Professions,Hospital NICU nurse,100000,Maternal virtual care nurse,Lactation and postpartum program lead,Perinatal quality analyst,95000,135000,15000,"Traditional wage: approximate BLS OEWS national median. New entry range: market estimate, first two years. Replace with OEWS join."
51.3807,Nurse Midwife/Nursing Midwifery,Health Professions,Hospital nurse midwife,132000,Birth center clinical director,Virtual maternity care midwife,Maternal health startup clinical lead,130000,170000,18000,"Traditional wage: approximate BLS OEWS national median. New entry range: market estimate, first two years. Replace with OEWS join."
51.3808,Nursing Science,Health Professions,Academic nurse researcher,92000,Clinical outcomes data scientist,Research operations lead,Evidence lead at a digital health company,100000,145000,30500,"Traditional wage: approximate BLS OEWS national median. New entry range: market estimate, first two years. Replace with OEWS join."
51.3809,Pediatric Nurse/Nursing,Health Professions,Children's hospital nurse,92000,Pediatric virtual care nurse,School health program lead,Pediatric device clinical specialist,88000,125000,14500,"Traditional wage: approximate BLS OEWS national median. New entry range: market estimate, first two years. Replace with OEWS join."
51.3810,Psychiatric/Mental Health Nurse/Nursing,Health Professions,Inpatient psychiatric nurse,100000,Telepsychiatry nurse practitioner,Employer behavioral health clinical lead,Crisis response program clinician,120000,175000,47500,"Traditional wage: approximate BLS OEWS national median. New entry range: market estimate, first two years. Replace with OEWS join."
51.3811,Public Health/Community Nurse/Nursing,Health Professions,Public health department nurse,80000,Community value-based care nurse,Population health program manager,Home-based care clinical lead,82000,120000,21000,"Traditional wage: approximate BLS OEWS national median. New entry range: market estimate, first two years. Replace with OEWS join."
51.3812,Perioperative/Operating Room and Surgical Nurse/Nursing,Health Professions,Operating room circulating nurse,100000,Ambulatory surgery center clinical lead,Surgical device clinical specialist,Operating room throughput analyst,98000,140000,19000,"Traditional wage: approximate BLS OEWS national median. New entry range: market estimate, first two years. Replace with OEWS join."
51.3813,Clinical Nurse Specialist,Health Professions,Hospital clinical nurse specialist,118000,Payer clinical program design lead,Quality and safety AI reviewer,Virtual specialty program lead,118000,160000,21000,"Traditional wage: approximate BLS OEWS national median. New entry range: market estimate, first two years. Replace with OEWS join."
51.3814,Critical Care Nursing,Health Professions,Intensive care staff nurse,100000,Tele-ICU nurse,Transport and rapid response lead,Critical care device clinical specialist,98000,140000,19000,"Traditional wage: approximate BLS OEWS national median. New entry range: market estimate, first two years. Replace with OEWS join."
51.3815,Occupational and Environmental Health Nursing,Health Professions,Corporate occupational health nurse,92000,Workforce health analytics lead,Warehouse and robotics safety clinical lead,Employer clinic program manager,95000,135000,23000,"Traditional wage: approximate BLS OEWS national median. New entry range: market estimate, first two years. Replace with OEWS join."
51.3816,Emergency Room/Trauma Nursing,Health Professions,Emergency department staff nurse,98000,Virtual triage and nurse line clinician,Mobile integrated health lead,Emergency flow operations analyst,95000,135000,17000,"Traditional wage: approximate BLS OEWS national median. New entry range: market estimate, first two years. Replace with OEWS join."
51.3818,Nursing Practice,Health Professions,Advanced practice clinician,125000,Virtual specialty care advanced practitioner,Clinical product lead at a health startup,Medical group value-based care lead,130000,175000,27500,"Traditional wage: approximate BLS OEWS national median. New entry range: market estimate, first two years. Replace with OEWS join."
51.3819,Palliative Care Nursing,Health Professions,Hospice nurse,88000,Home-based palliative care lead,Serious illness virtual clinician,Palliative quality analyst,90000,125000,19500,"Traditional wage: approximate BLS OEWS national median. New entry range: market estimate, first two years. Replace with OEWS join."
51.3820,Clinical Nurse Leader,Health Professions,Unit clinical nurse leader,105000,Care model design lead,Clinical AI adoption lead,Quality program director,105000,150000,22500,"Traditional wage: approximate BLS OEWS national median. New entry range: market estimate, first two years. Replace with OEWS join."
51.3821,Geriatric Nurse/Nursing,Health Professions,Long-term care nurse,85000,In-home Medicare Advantage assessment clinician,Dementia care program lead,Senior housing clinical operations lead,88000,125000,21500,"Traditional wage: approximate BLS OEWS national median. New entry range: market estimate, first two years. Replace with OEWS join."
51.3822,Women's Health Nurse/Nursing,Health Professions,Clinic women's health nurse practitioner,118000,Virtual women's health clinician,Menopause and fertility program lead,Femtech clinical product lead,120000,160000,22000,"Traditional wage: approximate BLS OEWS national median. New entry range: market estimate, first two years. Replace with OEWS join."
51.3824,Forensic Nursing,Health Professions,Hospital forensic examiner nurse,92000,Legal nurse consultant,Medicolegal investigation lead,Trauma-informed systems program designer,95000,140000,25500,"Traditional wage: approximate BLS OEWS national median. New entry range: market estimate, first two years. Replace with OEWS join."
51.3899,"Registered Nursing, Nursing Administration, Nursing Research and Clinical Nursing, Other",Health Professions,Staff nurse,92000,Nurse informaticist,Payer care management nurse,Clinical operations analyst,88000,130000,17000,"Traditional wage: approximate BLS OEWS national median. New entry range: market estimate, first two years. Replace with OEWS join."
51.3901,Licensed Practical/Vocational Nurse Training,Health Professions,Long-term care practical nurse,62000,Remote care coordination nurse,Home infusion nurse,Clinical triage support specialist,62000,85000,11500,"Traditional wage: approximate BLS OEWS national median. New entry range: market estimate, first two years. Replace with OEWS join."
51.3902,Nursing Assistant/Aide and Patient Care Assistant/Aide,Health Professions,Hospital or nursing home aide,42000,Remote patient monitoring aide,In-home assessment assistant,Care navigation associate,48000,70000,17000,"Traditional wage: approximate BLS OEWS national median. New entry range: market estimate, first two years. Replace with OEWS join."
51.3999,"Practical Nursing, Vocational Nursing and Nursing Assistants, Other",Health Professions,Clinic nursing support,45000,Clinical operations associate,Patient access and triage coordinator,Home care team lead,52000,78000,20000,"Traditional wage: approximate BLS OEWS national median. New entry range: market estimate, first two years. Replace with OEWS join."
52.0101,"Business/Commerce, General",Business,Management trainee,60000,Revenue operations analyst,Business systems analyst,Marketplace operations associate,75000,110000,32500,"Traditional wage: approximate BLS OEWS national median. New entry range: market estimate, first two years. Replace with OEWS join."
52.0201,"Business Administration and Management, General",Business,Management trainee,62000,GTM systems administrator,Forward deployed operations associate,Supply chain planning analyst,78000,140000,47000,"Traditional wage: approximate BLS OEWS national median. New entry range: market estimate, first two years. Replace with OEWS join."
52.0202,"Purchasing, Procurement/Acquisitions and Contracts Management",Business,Buyer or purchasing agent,68000,Source-to-pay automation analyst,SaaS and AI vendor spend manager,Contract lifecycle management analyst,85000,125000,37000,"Traditional wage: approximate BLS OEWS national median. New entry range: market estimate, first two years. Replace with OEWS join."
52.0203,"Logistics, Materials, and Supply Chain Management",Business,Logistics coordinator,58000,Supply network data analyst,Warehouse automation program lead,Trade and tariff compliance analyst,80000,120000,42000,"Traditional wage: approximate BLS OEWS national median. New entry range: market estimate, first two years. Replace with OEWS join."
52.0204,Office Management and Supervision,Business,Office manager,62000,Workplace experience operations lead,Business operations analyst,Executive operations associate,75000,115000,33000,"Traditional wage: approximate BLS OEWS national median. New entry range: market estimate, first two years. Replace with OEWS join."
52.0205,Operations Management and Supervision,Business,Operations supervisor,68000,Process automation analyst,AI deployment operations lead,Capacity and throughput analyst,82000,125000,35500,"Traditional wage: approximate BLS OEWS national median. New entry range: market estimate, first two years. Replace with OEWS join."
52.0206,Non-Profit/Public/Organizational Management,Business,Nonprofit program manager,62000,Impact measurement analyst,Grants automation and compliance lead,Public sector delivery consultant,72000,110000,29000,"Traditional wage: approximate BLS OEWS national median. New entry range: market estimate, first two years. Replace with OEWS join."
52.0207,Customer Service Management,Business,Call center supervisor,60000,Support AI deployment and QA lead,Customer experience data analyst,Knowledge operations manager,78000,115000,36500,"Traditional wage: approximate BLS OEWS national median. New entry range: market estimate, first two years. Replace with OEWS join."
52.0208,E-Commerce/Electronic Commerce,Business,Online store merchandiser,58000,Retail media and marketplace ads analyst,Lifecycle and conversion growth analyst,Commerce platform migration specialist,78000,120000,41000,"Traditional wage: approximate BLS OEWS national median. New entry range: market estimate, first two years. Replace with OEWS join."
52.0209,Transportation/Mobility Management,Business,Fleet or transit operations coordinator,62000,Autonomous fleet operations analyst,EV charging network operations lead,Mobility demand analyst,80000,120000,38000,"Traditional wage: approximate BLS OEWS national median. New entry range: market estimate, first two years. Replace with OEWS join."
52.0210,Research and Development Management,Business,Research program coordinator,72000,Technical program manager,Research operations and lab automation lead,Innovation portfolio analyst,95000,140000,45500,"Traditional wage: approximate BLS OEWS national median. New entry range: market estimate, first two years. Replace with OEWS join."
52.0211,Project Management,Business,Project management office coordinator,68000,Technical program manager for AI rollouts,Delivery lead at an implementation partner,Portfolio analytics lead,90000,140000,47000,"Traditional wage: approximate BLS OEWS national median. New entry range: market estimate, first two years. Replace with OEWS join."
52.0212,Retail Management,Business,Store manager,58000,Retail media account manager,Store operations data analyst,Omnichannel fulfillment program lead,72000,110000,33000,"Traditional wage: approximate BLS OEWS national median. New entry range: market estimate, first two years. Replace with OEWS join."
52.0213,Organizational Leadership,Business,Team lead or HR generalist,62000,Change enablement lead for AI adoption,People analytics analyst,Internal enablement manager,80000,120000,38000,"Traditional wage: approximate BLS OEWS national median. New entry range: market estimate, first two years. Replace with OEWS join."
52.0214,Research Administration,Business,University grants administrator,68000,Research security and compliance analyst,Clinical trial budget lead,Research data governance manager,82000,120000,33000,"Traditional wage: approximate BLS OEWS national median. New entry range: market estimate, first two years. Replace with OEWS join."
52.0215,Risk Management,Business,Corporate risk analyst,78000,AI and model risk analyst,Third-party risk lead,Operational resilience analyst,95000,140000,39500,"Traditional wage: approximate BLS OEWS national median. New entry range: market estimate, first two years. Replace with OEWS join."
52.0216,Science/Technology Management,Business,Technical operations coordinator,72000,Hardware program manager,Technical partnerships manager,Deep tech commercialization analyst,95000,145000,48000,"Traditional wage: approximate BLS OEWS national median. New entry range: market estimate, first two years. Replace with OEWS join."
52.0301,Accounting,Business,Audit associate,68000,Revenue operations analyst,Controls automation analyst,Digital asset accounting analyst,80000,120000,32000,"Traditional wage: approximate BLS OEWS national median. New entry range: market estimate, first two years. Replace with OEWS join."
52.0302,Accounting Technology/Technician and Bookkeeping,Business,Bookkeeper,48000,Accounting automation specialist,Outsourced controller associate,Payments reconciliation analyst,62000,95000,30500,"Traditional wage: approximate BLS OEWS national median. New entry range: market estimate, first two years. Replace with OEWS join."
52.0303,Auditing,Business,External audit associate,68000,IT and AI controls auditor,ESG assurance associate,Continuous audit data analyst,85000,125000,37000,"Traditional wage: approximate BLS OEWS national median. New entry range: market estimate, first two years. Replace with OEWS join."
52.0304,Accounting and Finance,Business,Financial analyst,72000,FP&A systems and modeling analyst,Fintech treasury analyst,Deal and diligence analyst,85000,130000,35500,"Traditional wage: approximate BLS OEWS national median. New entry range: market estimate, first two years. Replace with OEWS join."
52.0305,Accounting and Business/Management,Business,Staff accountant,65000,Business finance operations analyst,Order-to-cash automation lead,Finance data analyst,78000,115000,31500,"Traditional wage: approximate BLS OEWS national median. New entry range: market estimate, first two years. Replace with OEWS join."
52.0401,"Administrative Assistant and Secretarial Science, General",Business,Administrative assistant,48000,Executive operations associate,Workflow automation coordinator,CRM operations associate,58000,90000,26000,"Traditional wage: approximate BLS OEWS national median. New entry range: market estimate, first two years. Replace with OEWS join."
52.0402,Executive Assistant/Executive Secretary,Business,Executive assistant,68000,Chief of staff associate,Business operations program lead,Founder operations partner,85000,135000,42000,"Traditional wage: approximate BLS OEWS national median. New entry range: market estimate, first two years. Replace with OEWS join."
52.0406,Receptionist,Business,Front desk receptionist,38000,Workplace experience coordinator,Patient or client access coordinator,Customer operations associate,48000,72000,22000,"Traditional wage: approximate BLS OEWS national median. New entry range: market estimate, first two years. Replace with OEWS join."
52.0407,Business/Office Automation/Technology/Data Entry,Business,Data entry clerk,40000,No-code automation builder,Data quality operations analyst,AI training data operations associate,55000,88000,31500,"Traditional wage: approximate BLS OEWS national median. New entry range: market estimate, first two years. Replace with OEWS join."
52.0408,General Office Occupations and Clerical Services,Business,Office clerk,40000,Operations coordinator,Records automation analyst,Billing and claims operations associate,52000,80000,26000,"Traditional wage: approximate BLS OEWS national median. New entry range: market estimate, first two years. Replace with OEWS join."
52.0409,"Parts, Warehousing, and Inventory Management Operations",Business,Inventory clerk,44000,Warehouse automation operations lead,Inventory and demand analyst,Reverse logistics coordinator,58000,90000,30000,"Traditional wage: approximate BLS OEWS national median. New entry range: market estimate, first two years. Replace with OEWS join."
52.0410,"Traffic, Customs, and Transportation Clerk/Technician",Business,Customs clerk,48000,Trade and tariff compliance analyst,Freight rate and data analyst,Cross-border ecommerce operations lead,65000,100000,34500,"Traditional wage: approximate BLS OEWS national median. New entry range: market estimate, first two years. Replace with OEWS join."
52.0411,Customer Service Support/Call Center/Teleservice Operation,Business,Call center agent,40000,AI support agent trainer and reviewer,Escalations and trust operations specialist,Knowledge base data analyst,55000,88000,31500,"Traditional wage: approximate BLS OEWS national median. New entry range: market estimate, first two years. Replace with OEWS join."
52.0499,"Business Operations Support and Secretarial Services, Other",Business,Operations clerk,44000,Business operations associate,Process automation analyst,Vendor operations coordinator,55000,88000,27500,"Traditional wage: approximate BLS OEWS national median. New entry range: market estimate, first two years. Replace with OEWS join."
52.0501,"Business/Corporate Communications, General",Business,Corporate communications assistant,55000,Change communications lead,Executive content lead,Issues monitoring analyst,75000,115000,40000,"Traditional wage: approximate BLS OEWS national median. New entry range: market estimate, first two years. Replace with OEWS join."
52.0502,Grantsmanship,Business,Grant writer,60000,Grants data and compliance analyst,Public incentives consultant,Research development strategist,72000,110000,31000,"Traditional wage: approximate BLS OEWS national median. New entry range: market estimate, first two years. Replace with OEWS join."
52.0599,"Business/Corporate Communications, Other",Business,Communications coordinator,52000,Content operations manager,AI search visibility analyst,Employee experience communications lead,68000,105000,34500,"Traditional wage: approximate BLS OEWS national median. New entry range: market estimate, first two years. Replace with OEWS join."
52.0601,Business/Managerial Economics,Business,Corporate economic analyst,72000,Pricing and monetization analyst,Marketplace incentives analyst,Demand forecasting analyst,90000,130000,38000,"Traditional wage: approximate BLS OEWS national median. New entry range: market estimate, first two years. Replace with OEWS join."
52.0701,Entrepreneurship/Entrepreneurial Studies,Business,Family or small business operator,55000,Founder associate at an early stage startup,Search fund and acquisition analyst,Venture platform lead,75000,125000,45000,"Traditional wage: approximate BLS OEWS national median. New entry range: market estimate, first two years. Replace with OEWS join."
52.0702,Franchising and Franchise Operations,Business,Franchise operations manager,65000,Multi-unit acquisition operator,Franchise development analytics lead,Field technology rollout manager,78000,115000,31500,"Traditional wage: approximate BLS OEWS national median. New entry range: market estimate, first two years. Replace with OEWS join."
52.0703,Small Business Administration/Management,Business,Small business manager,55000,SMB fintech onboarding lead,Fractional operations manager,Local services rollup operator,70000,110000,35000,"Traditional wage: approximate BLS OEWS national median. New entry range: market estimate, first two years. Replace with OEWS join."
52.0704,Social Entrepreneurship,Business,Nonprofit program lead,55000,Impact fund operations analyst,Climate or health venture associate,Blended finance program manager,72000,115000,38500,"Traditional wage: approximate BLS OEWS national median. New entry range: market estimate, first two years. Replace with OEWS join."
52.0801,"Finance, General",Business,Bank analyst,72000,Private credit and fund operations analyst,Fintech product and risk analyst,Treasury and payments analyst,90000,135000,40500,"Traditional wage: approximate BLS OEWS national median. New entry range: market estimate, first two years. Replace with OEWS join."
52.0803,Banking and Financial Support Services,Business,Branch banking associate,48000,Fraud and disputes analyst,Banking as a service operations lead,Compliance monitoring analyst,68000,105000,38500,"Traditional wage: approximate BLS OEWS national median. New entry range: market estimate, first two years. Replace with OEWS join."
52.0804,Financial Planning and Services,Business,Advisory associate,62000,RIA operations and technology lead,Equity compensation planning specialist,Digital advice platform analyst,80000,125000,40500,"Traditional wage: approximate BLS OEWS national median. New entry range: market estimate, first two years. Replace with OEWS join."
52.0806,International Finance,Business,Corporate treasury analyst,75000,Cross-border payments analyst,FX and hedging operations lead,Global entity finance analyst,90000,135000,37500,"Traditional wage: approximate BLS OEWS national median. New entry range: market estimate, first two years. Replace with OEWS join."
52.0807,Investments and Securities,Business,Sell-side research associate,85000,Private markets data analyst,Secondaries and liquidity analyst,Systematic research associate,95000,145000,35000,"Traditional wage: approximate BLS OEWS national median. New entry range: market estimate, first two years. Replace with OEWS join."
52.0808,Public Finance,Business,Municipal budget analyst,68000,Infrastructure project finance analyst,Tax credit and incentives analyst,Government technology finance lead,82000,125000,35500,"Traditional wage: approximate BLS OEWS national median. New entry range: market estimate, first two years. Replace with OEWS join."
52.0809,Credit Management,Business,Credit analyst,68000,Underwriting policy and model analyst,Embedded lending risk analyst,Collections automation lead,82000,125000,35500,"Traditional wage: approximate BLS OEWS national median. New entry range: market estimate, first two years. Replace with OEWS join."
52.0810,Financial Risk Management,Business,Bank risk analyst,82000,Model risk and AI validation analyst,Digital asset risk analyst,Climate risk quantification analyst,100000,150000,43000,"Traditional wage: approximate BLS OEWS national median. New entry range: market estimate, first two years. Replace with OEWS join."
52.0899,"Finance and Financial Management Services, Other",Business,Finance associate,68000,Fund administration analyst,Fintech operations analyst,Financial data product analyst,82000,125000,35500,"Traditional wage: approximate BLS OEWS national median. New entry range: market estimate, first two years. Replace with OEWS join."
52.0901,"Hospitality Administration/Management, General",Business,Hotel operations manager,60000,Revenue management and pricing analyst,Short-term rental portfolio operator,Guest experience technology lead,72000,110000,31000,"Traditional wage: approximate BLS OEWS national median. New entry range: market estimate, first two years. Replace with OEWS join."
52.0903,Tourism and Travel Services Management,Business,Travel agency manager,55000,Travel technology partnerships lead,Destination marketing data analyst,Experiential trip designer,68000,105000,31500,"Traditional wage: approximate BLS OEWS national median. New entry range: market estimate, first two years. Replace with OEWS join."
52.0904,Hotel/Motel Administration/Management,Business,Front office manager,55000,Revenue and distribution analyst,Property technology deployment lead,Branded residence operations manager,70000,108000,34000,"Traditional wage: approximate BLS OEWS national median. New entry range: market estimate, first two years. Replace with OEWS join."
52.0905,Restaurant/Food Services Management,Business,Restaurant general manager,58000,Multi-unit operations analyst,Delivery channel manager,Restaurant technology implementation lead,70000,110000,32000,"Traditional wage: approximate BLS OEWS national median. New entry range: market estimate, first two years. Replace with OEWS join."
52.0906,Resort Management,Business,Resort operations manager,65000,Wellness resort program director,Ancillary revenue analyst,Destination sustainability lead,75000,115000,30000,"Traditional wage: approximate BLS OEWS national median. New entry range: market estimate, first two years. Replace with OEWS join."
52.0907,Meeting and Event Planning,Business,Event coordinator,52000,Field marketing program manager,Hybrid event production lead,Community and conference operations manager,70000,110000,38000,"Traditional wage: approximate BLS OEWS national median. New entry range: market estimate, first two years. Replace with OEWS join."
52.0908,Casino Management,Business,Casino floor supervisor,60000,Gaming compliance and AML analyst,Sports betting product operations lead,Player analytics manager,75000,120000,37500,"Traditional wage: approximate BLS OEWS national median. New entry range: market estimate, first two years. Replace with OEWS join."
52.0909,"Hotel, Motel, and Restaurant Management",Business,Property manager,58000,Hospitality operations analyst,Franchise performance manager,Loyalty and guest data analyst,70000,108000,31000,"Traditional wage: approximate BLS OEWS national median. New entry range: market estimate, first two years. Replace with OEWS join."
52.0910,Brewery/Brewpub Operations/Management,Business,Brewpub manager,55000,Beverage brand channel manager,Production planning and quality lead,Nonalcoholic category product manager,65000,100000,27500,"Traditional wage: approximate BLS OEWS national median. New entry range: market estimate, first two years. Replace with OEWS join."
52.0999,"Hospitality Administration/Management, Other",Business,Hospitality supervisor,52000,Guest experience operations analyst,Hospitality technology account manager,Venue operations lead,65000,100000,30500,"Traditional wage: approximate BLS OEWS national median. New entry range: market estimate, first two years. Replace with OEWS join."
52.1001,"Human Resources Management/Personnel Administration, General",Business,Human resources generalist,65000,People analytics analyst,Talent systems automation lead,Compensation and equity analyst,82000,125000,38500,"Traditional wage: approximate BLS OEWS national median. New entry range: market estimate, first two years. Replace with OEWS join."
52.1002,Labor and Industrial Relations,Business,Labor relations specialist,78000,Workforce transition and AI impact analyst,Contingent workforce program manager,Employment policy analyst,90000,135000,34500,"Traditional wage: approximate BLS OEWS national median. New entry range: market estimate, first two years. Replace with OEWS join."
52.1003,Organizational Behavior Studies,Business,Organization development associate,62000,Organizational effectiveness analyst,Employee listening science lead,Change enablement consultant,80000,120000,38000,"Traditional wage: approximate BLS OEWS national median. New entry range: market estimate, first two years. Replace with OEWS join."
52.1004,Labor Studies,Business,Union or agency researcher,60000,Workforce data and policy analyst,Job quality program lead,Labor market research analyst,72000,110000,31000,"Traditional wage: approximate BLS OEWS national median. New entry range: market estimate, first two years. Replace with OEWS join."
52.1005,Human Resources Development,Business,Training coordinator,58000,Learning experience designer,Skills taxonomy and mobility analyst,AI upskilling program manager,75000,115000,37000,"Traditional wage: approximate BLS OEWS national median. New entry range: market estimate, first two years. Replace with OEWS join."
52.1006,Executive/Career Coaching,Business,Independent career coach,55000,Internal career mobility program lead,Coaching platform quality lead,Workforce transition consultant,70000,115000,37500,"Traditional wage: approximate BLS OEWS national median. New entry range: market estimate, first two years. Replace with OEWS join."
52.1099,"Human Resources Management and Services, Other",Business,Human resources coordinator,55000,HR systems and operations analyst,Employee relations case analyst,Total rewards analyst,70000,105000,32500,"Traditional wage: approximate BLS OEWS national median. New entry range: market estimate, first two years. Replace with OEWS join."
52.1101,International Business/Trade/Commerce,Business,Export or trade coordinator,60000,Global expansion operations lead,Sanctions and trade compliance analyst,International partnerships manager,80000,125000,42500,"Traditional wage: approximate BLS OEWS national median. New entry range: market estimate, first two years. Replace with OEWS join."
52.1201,"Management Information Systems, General",Business,IT business analyst,78000,Data platform analyst,Enterprise AI integration analyst,Identity and security systems analyst,95000,145000,42000,"Traditional wage: approximate BLS OEWS national median. New entry range: market estimate, first two years. Replace with OEWS join."
52.1206,Information Resources Management,Business,Records manager,65000,Information governance and retention lead,Data privacy operations analyst,Content platform administrator,82000,125000,38500,"Traditional wage: approximate BLS OEWS national median. New entry range: market estimate, first two years. Replace with OEWS join."
52.1207,Knowledge Management,Business,Knowledge base administrator,68000,Enterprise search and retrieval content lead,Taxonomy and ontology analyst,AI knowledge operations manager,90000,135000,44500,"Traditional wage: approximate BLS OEWS national median. New entry range: market estimate, first two years. Replace with OEWS join."
52.1299,"Management Information Systems and Services, Other",Business,Systems support analyst,65000,Integration and automation engineer,Business intelligence analyst,SaaS governance lead,85000,130000,42500,"Traditional wage: approximate BLS OEWS national median. New entry range: market estimate, first two years. Replace with OEWS join."
52.1301,Management Science,Business,Operations research analyst,85000,Optimization and simulation analyst,Pricing science analyst,Logistics network scientist,100000,150000,40000,"Traditional wage: approximate BLS OEWS national median. New entry range: market estimate, first two years. Replace with OEWS join."
52.1302,Business Statistics,Business,Statistical analyst,78000,Experimentation and causal inference analyst,Marketing mix modeling analyst,Forecasting scientist,95000,145000,42000,"Traditional wage: approximate BLS OEWS national median. New entry range: market estimate, first two years. Replace with OEWS join."
52.1304,Actuarial Science,Business,Actuarial analyst,78000,Insurtech pricing analyst,Catastrophe and climate modeling analyst,Risk adjustment analyst,95000,145000,42000,"Traditional wage: approximate BLS OEWS national median. New entry range: market estimate, first two years. Replace with OEWS join."
52.1401,"Marketing/Marketing Management, General",Business,Marketing coordinator,58000,Growth and lifecycle analyst,AI search visibility specialist,Product marketing associate,78000,120000,41000,"Traditional wage: approximate BLS OEWS national median. New entry range: market estimate, first two years. Replace with OEWS join."
52.1402,Marketing Research,Business,Market research analyst,68000,Consumer insights science lead,Win-loss and competitive intelligence analyst,Synthetic research validation analyst,85000,125000,37000,"Traditional wage: approximate BLS OEWS national median. New entry range: market estimate, first two years. Replace with OEWS join."
52.1403,International Marketing,Business,Regional marketing coordinator,60000,Localization and market entry lead,Cross-border growth manager,Global brand operations analyst,78000,118000,38000,"Traditional wage: approximate BLS OEWS national median. New entry range: market estimate, first two years. Replace with OEWS join."
52.1404,Digital Marketing,Business,Digital marketing associate,58000,Paid media incrementality analyst,Retail media network manager,Customer data platform operations lead,78000,125000,43500,"Traditional wage: approximate BLS OEWS national median. New entry range: market estimate, first two years. Replace with OEWS join."
52.1499,"Marketing, Other",Business,Marketing associate,55000,Content operations and search analyst,Affiliate and partner program manager,Brand measurement analyst,72000,112000,37000,"Traditional wage: approximate BLS OEWS national median. New entry range: market estimate, first two years. Replace with OEWS join."
52.1501,Real Estate,Business,Residential agent or leasing manager,58000,Proptech underwriting analyst,Data center and industrial site analyst,Build-to-rent portfolio analyst,75000,125000,42000,"Traditional wage: approximate BLS OEWS national median. New entry range: market estimate, first two years. Replace with OEWS join."
52.1601,Taxation,Business,Tax associate,68000,Tax technology and automation analyst,Transfer pricing analyst,Energy and research credit specialist,85000,130000,39500,"Traditional wage: approximate BLS OEWS national median. New entry range: market estimate, first two years. Replace with OEWS join."
52.1701,Insurance,Business,Underwriting assistant,55000,Insurtech pricing and product analyst,Claims automation and fraud analyst,Parametric climate product specialist,75000,120000,42500,"Traditional wage: approximate BLS OEWS national median. New entry range: market estimate, first two years. Replace with OEWS join."
52.1801,"Sales, Distribution, and Marketing Operations, General",Business,Sales representative,58000,Sales operations and CRM analyst,Revenue enablement lead,Partner channel operations manager,75000,118000,38500,"Traditional wage: approximate BLS OEWS national median. New entry range: market estimate, first two years. Replace with OEWS join."
52.1803,Retailing and Retail Operations,Business,Retail supervisor,48000,Retail operations analyst,Store technology rollout coordinator,Merchandise planning analyst,62000,98000,32000,"Traditional wage: approximate BLS OEWS national median. New entry range: market estimate, first two years. Replace with OEWS join."
52.1804,Selling Skills and Sales Operations,Business,Inside sales representative,55000,Technical account executive for AI products,Sales engineering associate,Expansion and renewals manager,80000,140000,55000,"Traditional wage: approximate BLS OEWS national median. New entry range: market estimate, first two years. Replace with OEWS join."
52.1899,"General Merchandising, Sales, and Related Marketing Operations, Other",Business,Sales associate,45000,Ecommerce account manager,Category and pricing analyst,Field sales operations coordinator,60000,95000,32500,"Traditional wage: approximate BLS OEWS national median. New entry range: market estimate, first two years. Replace with OEWS join."
52.1901,Auctioneering,Business,Auctioneer,55000,Online marketplace category manager,Asset recovery and liquidation analyst,Authentication operations lead,65000,105000,30000,"Traditional wage: approximate BLS OEWS national median. New entry range: market estimate, first two years. Replace with OEWS join."
52.1902,Fashion Merchandising,Business,Assistant buyer,52000,Ecommerce merchandising analyst,Resale and circular commerce operations lead,Social commerce manager,68000,108000,36000,"Traditional wage: approximate BLS OEWS national median. New entry range: market estimate, first two years. Replace with OEWS join."
52.1903,Fashion Modeling,Business,Agency model,45000,Creator brand operator,Virtual try-on digital asset model,Casting and talent operations manager,55000,100000,32500,"Traditional wage: approximate BLS OEWS national median. New entry range: market estimate, first two years. Replace with OEWS join."
52.1904,Apparel and Accessories Marketing Operations,Business,Wholesale account coordinator,50000,Direct to consumer retention analyst,Marketplace channel manager,Sourcing and lifecycle analyst,65000,105000,35000,"Traditional wage: approximate BLS OEWS national median. New entry range: market estimate, first two years. Replace with OEWS join."
52.1905,Tourism and Travel Services Marketing Operations,Business,Travel marketing coordinator,50000,Destination performance marketing analyst,Travel loyalty partnerships manager,Booking platform growth associate,65000,105000,35000,"Traditional wage: approximate BLS OEWS national median. New entry range: market estimate, first two years. Replace with OEWS join."
52.1906,Tourism Promotion Operations,Business,Visitor bureau coordinator,48000,Visitor analytics lead,Creator partnership program manager,Sponsorship operations lead,62000,100000,33000,"Traditional wage: approximate BLS OEWS national median. New entry range: market estimate, first two years. Replace with OEWS join."
52.1907,Vehicle and Vehicle Parts and Accessories Marketing Operations,Business,Dealership or parts sales representative,55000,EV aftermarket channel manager,Fleet and mobility account manager,Parts catalog and ecommerce analyst,68000,108000,33000,"Traditional wage: approximate BLS OEWS national median. New entry range: market estimate, first two years. Replace with OEWS join."
52.1908,Business and Personal/Financial Services Marketing Operations,Business,Financial services marketing coordinator,55000,Fintech lifecycle marketing analyst,Compliance content operations lead,Demand generation analyst,72000,115000,38500,"Traditional wage: approximate BLS OEWS national median. New entry range: market estimate, first two years. Replace with OEWS join."
52.1909,Special Products Marketing Operations,Business,Product sales coordinator,50000,Niche marketplace category lead,Product launch operations manager,Partner marketing associate,65000,105000,35000,"Traditional wage: approximate BLS OEWS national median. New entry range: market estimate, first two years. Replace with OEWS join."
52.1910,Hospitality and Recreation Marketing Operations,Business,Resort marketing coordinator,50000,Ticketing and experience growth analyst,Membership and loyalty manager,Venue partnerships lead,65000,105000,35000,"Traditional wage: approximate BLS OEWS national median. New entry range: market estimate, first two years. Replace with OEWS join."
52.2001,"Construction Management, General",Business,Assistant project manager,72000,Data center construction project engineer,Preconstruction cost modeling analyst,Reality capture and construction technology lead,90000,140000,43000,"Traditional wage: approximate BLS OEWS national median. New entry range: market estimate, first two years. Replace with OEWS join."
52.2002,Construction Project Management,Business,Project engineer,75000,Renewables and grid project manager,Modular construction lead,Owner representative for capital programs,95000,145000,45000,"Traditional wage: approximate BLS OEWS national median. New entry range: market estimate, first two years. Replace with OEWS join."
52.2099,"Construction Management, Other",Business,Field coordinator,65000,Scheduling and project controls analyst,Safety technology program lead,Commissioning coordinator,82000,125000,38500,"Traditional wage: approximate BLS OEWS national median. New entry range: market estimate, first two years. Replace with OEWS join."
52.2101,Telecommunications Management,Business,Network operations coordinator,68000,Fiber and broadband program manager,Data center network capacity analyst,Private 5G deployment lead,88000,135000,43500,"Traditional wage: approximate BLS OEWS national median. New entry range: market estimate, first two years. Replace with OEWS join."
54.0101,"History, General",History,"Museum or archive assistant, K-12 teacher",58000,Trust and safety policy analyst,E-discovery and records analyst,Model red-team researcher,70000,110000,32000,"Traditional wage: approximate BLS OEWS national median. New entry range: market estimate, first two years. Replace with OEWS join."
54.0102,American  History (United States),History,Secondary history teacher,62000,Public policy research analyst,Cultural heritage digitization lead,Archival AI training data curator,70000,110000,28000,"Traditional wage: approximate BLS OEWS national median. New entry range: market estimate, first two years. Replace with OEWS join."
54.0103,European History,History,Academic research assistant,52000,Geopolitical risk analyst,Sanctions and export control researcher,Market context and localization researcher,75000,120000,45500,"Traditional wage: approximate BLS OEWS national median. New entry range: market estimate, first two years. Replace with OEWS join."
54.0104,History and Philosophy of Science and Technology,History,University lecturer or research assistant,58000,AI policy and governance researcher,Science communication and standards analyst,Technology ethics program lead,85000,135000,52000,"Traditional wage: approximate BLS OEWS national median. New entry range: market estimate, first two years. Replace with OEWS join."
54.0105,Public/Applied History,History,Historic preservation coordinator,55000,Cultural resource compliance analyst,Digital exhibit producer,Heritage grants manager,68000,105000,31500,"Traditional wage: approximate BLS OEWS national median. New entry range: market estimate, first two years. Replace with OEWS join."
54.0106,Asian History,History,Area studies research assistant,52000,Supply chain geopolitical analyst,Export control research analyst,Regional market entry analyst,78000,125000,49500,"Traditional wage: approximate BLS OEWS national median. New entry range: market estimate, first two years. Replace with OEWS join."
54.0107,Canadian History,History,Archivist or teacher,55000,Cross-border policy analyst,Indigenous consultation coordinator,Resource permitting researcher,70000,110000,35000,"Traditional wage: approximate BLS OEWS national median. New entry range: market estimate, first two years. Replace with OEWS join."
54.0108,Military History,History,Command historian or teacher,62000,Open-source defense intelligence analyst,Wargaming and simulation designer,Defense technology program analyst,80000,130000,43000,"Traditional wage: approximate BLS OEWS national median. New entry range: market estimate, first two years. Replace with OEWS join."
54.0199,"History, Other",History,Research or archive assistant,52000,Information provenance analyst,Knowledge curation lead for AI systems,Records governance analyst,70000,110000,38000,"Traditional wage: approximate BLS OEWS national median. New entry range: market estimate, first two years. Replace with OEWS join."
